Year,Line,Location,Rep,SW,CT,WU,SCP,Pro
2017,2,Arusha,1,52.18661448,31.65,102.7976495,8.814144479,24.125
2017,2,Arusha,2,44.95995504,26.97,105.2268683,8.438987499,21.75
2017,3,Arusha,1,45.33762133,34.13,101.6057289,9.494241894,22
2017,3,Arusha,2,44.11262255,35.80,103.4714141,9.738493143,21.3125
2017,4,Arusha,1,50.41961625,30.78,95.74372434,8.265621778,23.1875
2017,4,Arusha,2,52.37761429,26.39,95.03223384,8.305810398,24.25
2017,5,Arusha,1,58.67327466,32.27,107.8570617,8.433840238,28.8125
2017,5,Arusha,2,48.46061821,29.45,110.1222985,8.862478778,23.5625
2017,6,Arusha,1,55.57127776,39.77,66.79463032,8.959311424,24.25
2017,6,Arusha,2,55.01661165,29.60,91.74795517,8.903821924,22.5625
2017,7,Arusha,1,47.27895272,32.97,87.64497275,9.224055776,22.5
2017,7,Arusha,2,53.26128007,35.77,99.02493366,8.375950836,23.0625
2017,8,Arusha,1,57.61094239,30.05,103.6416657,8.352621917,23.5
2017,8,Arusha,2,51.39928193,30.45,102.5447801,8.487871231,23.25
2017,9,Arusha,1,47.73295227,28.38,101.0838065,9.156853977,23.5625
2017,9,Arusha,2,47.9009521,30.30,105.5906975,8.1155564,24.5
2017,10,Arusha,1,50.27928305,28.88,100.5728,8.781588448,24.125
2017,10,Arusha,2,47.94561872,30.87,102.3957674,9.06555773,24.5
2017,11,Arusha,1,47.88461878,33.52,86.69163407,7.934165213,25.875
2017,11,Arusha,2,47.2302861,48.32,73.44785484,9.098289948,26
2017,12,Arusha,1,48.08895191,28.48,108.6894439,8.646905976,25.4375
2017,12,Arusha,2,51.73928159,29.45,104.357742,8.309073864,24.5
2017,13,Arusha,1,58.01960865,28.43,102.4773209,8.247754823,27
2017,13,Arusha,2,49.37295063,33.75,109.4059506,8.874840733,25.1875
2017,14,Arusha,1,47.05195295,39.47,100.3386324,9.116837628,22.8125
2017,14,Arusha,2,50.43894956,33.13,99.66031576,8.762649494,22.6875
2017,15,Arusha,1,57.62727571,27.57,111.3233304,8.30449827,26.5
2017,15,Arusha,2,61.60793839,24.77,108.7174826,7.782862204,25.8125
2017,16,Arusha,1,54.34161233,28.18,100.1410827,8.658963418,25.0625
2017,16,Arusha,2,53.11461355,30.55,87.5815845,7.99612207,27.25
2017,17,Arusha,1,62.68593731,23.20,98.36433441,7.217297151,24.6875
2017,17,Arusha,2,58.80627453,24.50,107.7440638,7.139998399,26.375
2017,18,Arusha,1,59.53194047,28.85,101.555466,7.546330015,23.5625
2017,18,Arusha,2,60.51693948,28.48,104.9451669,7.437924507,23.875
2017,19,Arusha,1,51.07494893,28.47,103.1718062,9.107216072,28.8125
2017,19,Arusha,2,41.09529224,29.15,104.9543338,10.18362719,28.875
2017,20,Arusha,1,47.78861888,28.75,100.1171826,7.795465509,25.375
2017,20,Arusha,2,51.9049481,31.48,95.0293806,8.052669294,22.25
2017,21,Arusha,1,51.79228154,29.63,105.4872986,8.596096096,23.875
2017,21,Arusha,2,51.41561525,30.58,102.2470453,9.126905563,24.5
2017,22,Arusha,1,53.35094665,27.20,106.8502309,7.985430092,24.0625
2017,22,Arusha,2,53.86094614,27.70,104.8544711,7.454568453,25.625
2017,23,Arusha,1,57.39760927,30.60,94.81047429,7.83342506,27.4375
2017,23,Arusha,2,61.12993887,24.72,103.1135831,7.724238971,27.25
2017,24,Arusha,1,45.04128829,38.22,103.0135283,9.068358536,22.25
2017,24,Arusha,2,43.10662356,34.95,103.8895762,9.373801567,23
2017,25,Arusha,1,52.41161426,23.28,105.2978027,8.9660892,26.75
2017,25,Arusha,2,51.004949,25.80,99.39875176,7.924397434,26.9375
2017,26,Arusha,1,52.88994711,35.53,108.3065482,8.390374101,23.75
2017,26,Arusha,2,52.06628127,27.07,104.5723724,8.75489133,25.1875
2017,27,Arusha,1,46.44228689,31.72,110.9641347,8.489644392,24.875
2017,27,Arusha,2,48.09195191,36.42,108.426904,9.123376623,25.8125
2017,28,Arusha,1,43.02329031,44.02,103.3237778,9.19589165,21.375
2017,28,Arusha,2,45.37995462,34.1,102.2329954,9.149317661,23.25
2017,29,Arusha,1,40.59229274,43.13,103.9629815,9.375180625,21.125
2017,29,Arusha,2,47.65895234,34.57,99.8992845,9.462915601,21.5625
2017,30,Arusha,1,51.69761497,29.60,99.01607423,8.832348154,22.75
2017,30,Arusha,2,52.28828105,29.95,98.05565295,8.422251276,23.5625
2017,31,Arusha,1,51.38328195,35.13,78.26143367,8.161494277,23.8125
2017,31,Arusha,2,49.42328391,39.73,74.84993593,8.424681754,22.1875
2017,32,Arusha,1,45.62995437,42.67,99.51055592,9.554140127,23.5
2017,32,Arusha,2,45.96328737,36.60,98.65835086,9.298449417,22.625
2017,33,Arusha,1,53.68061299,34.08,100.6246818,7.969937582,24.9375
2017,33,Arusha,2,50.93661573,30.52,100.268307,8.499244224,24.5625
2017,34,Arusha,1,52.81328052,26.90,102.9727342,8.182018997,24.9375
2017,34,Arusha,2,47.4332859,30.55,105.9803233,8.501218724,24.4375
2017,35,Arusha,1,52.31661435,24.00,97.78273335,9.482119009,23.875
2017,35,Arusha,2,49.47995052,23.03,101.1789275,8.682780257,23.8125
2017,36,Arusha,1,44.20995579,44.53,102.4278067,9.613123565,22.125
2017,36,Arusha,2,48.94661772,35.12,91.41923182,8.717948718,22.3125
2017,37,Arusha,1,56.26994373,27.62,97.84965346,7.568006496,26.75
2017,37,Arusha,2,56.84660982,24.65,100.0996834,8.164099768,24.75
2017,38,Arusha,1,48.38661828,33.63,104.1678148,10.04599371,27.25
2017,38,Arusha,2,54.08661258,35.73,100.4067546,9.05479153,26.625
2017,39,Arusha,1,45.2999547,36.85,99.27888153,8.869777619,23.9375
2017,39,Arusha,2,45.39662127,36.03,101.4244805,9.50650445,23.1875
2017,40,Arusha,1,56.42327691,31.13,97.3769717,7.794225541,24.25
2017,40,Arusha,2,51.47661519,34.40,92.76694943,7.843137255,24.125
2017,41,Arusha,1,45.25662141,35.98,101.6203874,10.00171262,21.9375
2017,41,Arusha,2,43.00662366,38.83,103.0770423,9.278848735,22.1875
2017,42,Arusha,1,47.93295207,31.27,103.6036412,8.002045846,23
2017,42,Arusha,2,46.38462028,30.90,104.3419521,8.481132075,24.25
2017,43,Arusha,1,47.47328586,32.17,101.3902542,8.877647176,23.75
2017,43,Arusha,2,45.0636216,33.67,102.3211604,9.283083026,21.625
2017,44,Arusha,1,42.12962454,39.57,103.5857551,9.613288014,23.1875
2017,44,Arusha,2,35.37896462,38.53,105.4608666,9.76244712,21.625
2017,45,Arusha,1,47.87761879,37.70,98.45021687,9.300663604,22.5625
2017,45,Arusha,2,48.76495124,35.85,100.7997539,9.463688929,22.875
2017,46,Arusha,1,43.51462315,39.37,105.6701189,8.627621428,25.0625
2017,46,Arusha,2,44.52095548,33.08,102.4962003,9.290457452,26.125
2017,47,Arusha,1,42.68629065,37.88,100.2045932,9.48392938,21.9375
2017,47,Arusha,2,47.24395276,37.05,99.24928739,9.297543024,23.0625
2017,48,Arusha,1,55.02061165,32.27,101.4334008,7.707363751,23.9375
2017,48,Arusha,2,53.65061302,31.88,101.0413042,8.076649385,23.0625
2017,49,Arusha,1,49.85995014,32.25,100.9092125,8.368416129,22.8125
2017,49,Arusha,2,49.56628377,36.27,101.6220687,8.71869197,24.125
2017,50,Arusha,1,45.41895458,37.45,99.46865115,9.235121754,22.1875
2017,50,Arusha,2,47.40861926,37.02,97.74162249,9.190467001,23.6875
2017,51,Arusha,1,56.43894356,39.65,73.25490057,8.479762622,23.9375
2017,51,Arusha,2,53.14228019,45.20,70.79917454,8.786348871,24.4375
2017,52,Arusha,1,45.5332878,45.40,102.7013177,9.893015987,23.125
2017,52,Arusha,2,45.82062085,36.20,96.54158968,9.276822762,21.625
2017,53,Arusha,1,48.27895172,42.87,106.7289436,8.376816473,24.125
2017,53,Arusha,2,44.50528883,39.20,104.4548968,8.465863454,22
2017,54,Arusha,1,53.95061272,31.58,97.82888071,7.806900125,22.75
2017,54,Arusha,2,51.43194857,40.30,99.73946181,8.362035974,24.4375
2017,55,Arusha,1,52.04428129,41.17,75.07509623,8.401455168,26.75
2017,55,Arusha,2,57.36294264,33.38,84.77067099,8.002731062,28.0625
2017,56,Arusha,1,54.23494577,27.53,94.22881903,7.805447471,25.3125
2017,56,Arusha,2,57.79060888,23.50,97.75973052,7.760238437,23.875
2017,57,Arusha,1,62.05527128,25.52,95.04098493,7.867989956,24.75
2017,57,Arusha,2,57.39960927,23.18,104.6701781,7.550031599,26.0625
2017,58,Arusha,1,45.82195418,40.97,98.95828787,9.395492368,21.875
2017,58,Arusha,2,42.72662394,37.27,100.9907942,9.362117596,21.5625
2017,59,Arusha,1,54.27361239,34.15,73.23932417,9.502182636,25.375
2017,59,Arusha,2,51.37928195,35.27,73.16949746,8.479044702,23.9375
2017,61,Arusha,1,55.59661107,35.48,48.37220457,8.78006012,22
2017,61,Arusha,2,43.2696234,35.33,98.08333783,8.734723221,22.3125
2017,62,Arusha,1,53.06428027,35.97,93.33136507,7.71546191,23
2017,62,Arusha,2,49.64661702,34.03,95.72310998,8.600727754,21.125
2017,63,Arusha,1,50.52261614,25.48,95.85268658,9.088980804,22.375
2017,63,Arusha,2,48.86295114,27.63,98.5278568,8.831703551,23.5
2017,64,Arusha,1,52.01328132,30.53,104.191233,7.782853127,24.5
2017,64,Arusha,2,51.9646147,32.02,109.8733755,7.696070439,25.8125
2017,65,Arusha,1,53.47827986,30.20,106.2205878,7.690163097,25.8125
2017,65,Arusha,2,57.34194266,26.60,106.6606211,7.430169966,26.6875
2017,66,Arusha,1,52.30561436,28.78,105.1084331,7.204754775,25.8125
2017,66,Arusha,2,51.94128139,29.08,99.17342643,8.210101786,25.75
2017,67,Arusha,1,42.65695734,38.02,101.2096491,9.247714048,21.5
2017,67,Arusha,2,42.88795711,37.92,101.6881179,9.401997083,22.75
2017,68,Arusha,1,56.3676103,30.82,81.64077515,7.697747999,22.25
2017,68,Arusha,2,58.18327515,31.82,82.60670295,8.116869448,23.375
2017,69,Arusha,1,63.44560322,32.87,72.07899673,7.597166661,25.8125
2017,69,Arusha,2,56.75127658,30.23,95.0497492,7.616484196,25
2017,70,Arusha,1,53.74927958,32.78,99.91565787,8.547366462,23.4375
2017,70,Arusha,2,55.91227742,35.02,95.2222825,8.273867823,23.875
2017,71,Arusha,1,44.40262226,40.48,98.45654916,9.23597927,21
2017,71,Arusha,2,41.89629144,36.73,99.54013478,9.706352834,21.875
2017,72,Arusha,1,54.6009454,32.55,100.1001203,8.264351269,24.75
2017,72,Arusha,2,54.53494547,28.78,96.96830781,8.107874865,23.3125
2017,73,Arusha,1,46.49295351,34.33,95.24803017,8.623113694,22.75
2017,73,Arusha,2,48.58661808,35.42,91.12925357,8.700890519,23.0625
2017,74,Arusha,1,50.16228317,37.08,76.02184906,8.722584197,23
2017,74,Arusha,2,54.5716121,27.27,82.59780716,8.050630921,22
2017,75,Arusha,1,44.20128913,44.08,102.8294772,10.02465538,23
2017,75,Arusha,2,45.37295463,44.50,96.46045005,9.550406459,21.1875
2017,76,Arusha,1,47.32061935,43.33,98.48269255,9.670759535,22.0625
2017,76,Arusha,2,46.55962011,40.37,100.2090508,8.813149138,23.125
2017,77,Arusha,1,53.8969461,26.67,106.9874019,8.889532358,27.4375
2017,77,Arusha,2,57.63960903,25.73,105.4777092,7.964535558,26.8125
2017,78,Arusha,1,47.98161869,37.15,101.4102609,8.900092103,25.0625
2017,78,Arusha,2,47.3676193,42.73,102.1491453,8.67514356,25.0625
2017,79,Arusha,1,56.64261002,33.75,100.2142084,8.783122992,24.1875
2017,79,Arusha,2,57.60360906,34.00,99.92940264,8.542995867,23.875
2017,80,Arusha,1,48.47861819,39.37,107.5620892,8.717335966,23.625
2017,80,Arusha,2,47.71661895,34.95,109.2210968,8.871010995,23.9375
2017,81,Arusha,1,45.07128826,36.38,101.8725872,8.778724503,23.75
2017,81,Arusha,2,46.29962037,31.27,102.4924585,8.793728669,23.375
2017,82,Arusha,1,48.9716177,34.12,100.4696593,7.913632686,22.0625
2017,82,Arusha,2,48.5959514,31.28,102.3486158,8.426390739,23
2017,83,Arusha,1,66.09160058,36.15,80.08321775,9.313003856,26.0625
2017,83,Arusha,2,64.85993514,36.15,82.50077089,8.493396324,25.5625
2017,84,Arusha,1,54.52561214,44.47,60.47488339,8.128596944,25.25
2017,84,Arusha,2,54.55427878,40.32,69.67182564,8.410753926,24.375
2017,85,Arusha,1,58.10527523,29.77,97.15918217,7.63955404,22.25
2017,85,Arusha,2,55.53994446,27.178,98.66762694,7.708369584,22.25
2017,86,Arusha,1,57.8959421,34.23,97.03145871,8.286996993,25.5
2017,86,Arusha,2,54.85127848,34.1,98.57311278,8.733232571,24.0625
2017,87,Arusha,1,49.06195094,36.68,98.57187504,9.294152104,22.375
2017,87,Arusha,2,44.29628904,37.47,99.62525115,9.566410211,21.9375
2017,88,Arusha,1,51.98194802,32.45,104.1860644,8.710178345,24.25
2017,88,Arusha,2,52.51661415,29,103.7258013,8.920513711,25.6875
2017,89,Arusha,1,55.8696108,27.33,104.0582546,9.054199569,25.125
2017,89,Arusha,2,59.92094008,26.43,103.7237919,8.836443469,25.625
2017,90,Arusha,1,44.16928916,38.97,101.1199324,9.675804927,21.1875
2017,90,Arusha,2,44.47695552,41.1,102.1943926,9.464976934,21.6875
2017,91,Arusha,1,52.0382813,33.27,101.4348397,8.328487722,24.25
2017,91,Arusha,2,54.48127885,32.57,100.2214826,8.719285841,25.3125
2017,92,Arusha,1,44.2362891,38.53,95.72900105,8.683253024,21.75
2017,92,Arusha,2,49.32861734,39.45,94.17377319,8.572637368,21.875
2017,93,Arusha,1,62.37460429,27.08,104.190804,7.430355427,27.125
2017,93,Arusha,2,60.65093935,25.23,104.1845971,7.575035731,25.5625
2017,94,Arusha,1,53.35227998,31.63,98.97911369,8.27956012,23.75
2017,94,Arusha,2,58.09327524,26.37,98.93848979,8.157196817,26.375
2017,95,Arusha,1,53.41361325,25.5,97.10311344,8.55435001,25.3125
2017,95,Arusha,2,52.43894756,28.77,99.8893953,8.282235459,24
2017,96,Arusha,1,48.66628467,35.37,106.0562059,8.693064775,23.0625
2017,96,Arusha,2,52.63694736,33,95.12890172,8.666280641,25.1875
2017,97,Arusha,1,55.72327761,28.67,98.8395047,8.626185028,25.0625
2017,97,Arusha,2,52.28694771,29.87,97.22556913,9.253019543,25
2017,98,Arusha,1,45.93695406,40.63,95.6665288,9.207147992,22.3125
2017,98,Arusha,2,46.96228637,40.75,94.39692803,9.076691057,22.3125
2017,99,Arusha,1,54.93261173,73.37,23.91533878,8.834713537,23.25
2017,99,Arusha,2,55.02761164,79.13,31.52777694,8.731063004,23.75
2017,100,Arusha,1,41.94762472,35.37,89.89534579,10.25338424,30.4375
2017,100,Arusha,2,43.05295695,34.28,93.31986157,9.812755174,28.9375
2017,101,Arusha,1,58.11294189,28.12,95.51563334,8.756862051,25.625
2017,101,Arusha,2,50.75728258,28.9,102.3681307,9.32923949,25.5625
2017,102,Arusha,1,61.29660537,31.35,95.3722334,8.14247028,24.25
2017,102,Arusha,2,57.30227603,32.23,95.36144543,8.270556818,24.375
2017,103,Arusha,1,53.43661323,38.22,63.90742936,9.553004609,25.125
2017,103,Arusha,2,52.86028047,56,39.31681601,9.155145929,24.25
2017,104,Arusha,1,46.19728714,38.7,96.28838605,9.338500458,22.5
2017,104,Arusha,2,44.8322885,39.72,94.09354855,9.192539388,21.5625
2017,105,Arusha,1,61.62027171,22.98,92.65826756,8.211382114,26.3125
2017,105,Arusha,2,59.2686074,25.53,97.9798207,8.894845863,26.8125
2017,106,Arusha,1,52.57028076,28.22,94.26038767,9.510319709,24.4375
2017,106,Arusha,2,56.11927721,33.78,81.48825717,10.47900651,25
2017,107,Arusha,1,57.53660913,28.52,97.74057123,8.565575723,23.75
2017,107,Arusha,2,53.26061341,28.27,96.88075002,8.944259691,23.625
2017,108,Arusha,1,47.59495241,32.93,97.33865602,9.563994374,24.125
2017,108,Arusha,2,48.13795186,32.57,96.15134267,9.099880538,24.75
2017,109,Arusha,1,43.08595691,46.43,100.2197156,9.863515734,22.8125
2017,109,Arusha,2,43.68028965,36.93,97.25124198,10.68626147,22.875
2017,110,Arusha,1,53.01961365,27.48,106.3008066,9.573940363,25.3125
2017,110,Arusha,2,55.99661067,29.15,105.7622478,8.745433317,27.75
2017,111,Arusha,1,53.2342801,34.22,91.27380199,8.561357127,23.75
2017,111,Arusha,2,52.75194725,27.22,101.7932969,8.112184583,22.0625
2017,112,Arusha,1,53.20361346,34.38,74.93781757,8.295981757,23.875
2017,112,Arusha,2,55.02061165,34.07,74.44354243,8.254651209,25.8125
2017,113,Arusha,1,51.38061529,38.178,97.46078291,7.917033196,24.75
2017,113,Arusha,2,50.65694934,41.22,95.68865112,7.924510586,24.5
2017,114,Arusha,1,50.10594989,25.42,95.63857954,8.206731474,24.5
2017,114,Arusha,2,51.61328172,24.77,99.59312839,8.257330587,25.5625
2017,115,Arusha,1,44.65862201,38.12,97.63241178,9.635525765,21.8125
2017,115,Arusha,2,47.24461942,30.60,97.67310596,9.227000544,22.75
2017,116,Arusha,1,43.27929005,34.62,98.38568062,8.882030178,21.3125
2017,116,Arusha,2,45.71295429,36.20,96.20239319,9.351039004,21.5625
2017,117,Arusha,1,60.14393986,31.32,93.55768378,7.508014754,26.625
2017,117,Arusha,2,57.4676092,28.57,96.75991717,7.583781068,26.375
2017,118,Arusha,1,54.05761261,32.62,90.85174474,7.91516387,24.875
2017,118,Arusha,2,52.95828038,34.98,97.78442172,8.135765883,24.875
2017,119,Arusha,1,44.89462177,37.52,96.56380862,9.239163755,23
2017,119,Arusha,2,46.96061971,33.37,94.14119618,8.687177326,23.75
2017,120,Arusha,1,51.70728163,27.45,99.51393097,8.888562763,26.125
2017,120,Arusha,2,51.27194873,26.33,94.36209497,8.301886792,23.3125
2017,121,Arusha,1,53.81994618,29.03,92.74123622,8.35360191,25.8125
2017,121,Arusha,2,55.15227818,30.63,92.73285506,8.683355144,26.25
2017,122,Arusha,1,55.77094423,24.58,100.2235331,7.946796868,25.875
2017,122,Arusha,2,50.94061573,31.90,103.9169753,8.424513027,24.875
2017,123,Arusha,1,53.42594657,31.80,99.43473215,7.75780102,24.875
2017,123,Arusha,2,56.70994329,26.08,78.45765003,7.588246894,24.8125
2017,124,Arusha,1,56.08361058,31.87,95.16674492,7.911055989,23.5625
2017,124,Arusha,2,53.90561276,29.47,96.65217633,7.820820292,23.375
2017,125,Arusha,1,48.75161792,30.20,106.9741205,8.997751869,24.9375
2017,125,Arusha,2,50.49094951,33.20,101.7983403,8.657187994,24.9375
2017,126,Arusha,1,49.54995045,36.02,95.94349142,8.403406067,22.5
2017,126,Arusha,2,53.07128026,32.72,98.39335737,7.616440737,23.9375
2017,128,Arusha,1,41.49529184,28.92,102.5528975,10.35031847,30.5
2017,128,Arusha,2,42.45595754,26.92,101.2985993,10.35557061,31.125
2017,129,Arusha,1,47.7656189,31.07,96.92666281,8.171278119,22.75
2017,129,Arusha,2,49.85228348,33.62,99.32868405,8.595790823,24.5
2017,130,Arusha,1,63.33293667,23.50,96.09050574,7.249734909,25
2017,130,Arusha,2,65.43393457,21.95,102.596,7.383942377,26.8125
2017,131,Arusha,1,58.4706082,22.35,101.4058331,7.348589835,25
2017,131,Arusha,2,59.88094012,23.50,92.14219313,7.785908781,26.25
2017,132,Arusha,1,55.25261141,27.78,95.88798127,9.132745042,23.25
2017,132,Arusha,2,54.05527928,25.60,97.54449145,9.001370767,23.4375
2017,133,Arusha,1,60.8666058,21.35,104.49069,7.445902961,25.8125
2017,133,Arusha,2,62.74760392,22.78,100.4642935,8.203411592,26
2017,134,Arusha,1,59.57860709,26.78,105.5209919,7.963551801,24.5625
2017,134,Arusha,2,58.18327515,23.82,105.1217416,8.114072314,23.8125
2017,135,Arusha,1,52.73294727,34.60,99.39443359,8.834865105,24.3125
2017,135,Arusha,2,59.56427377,31.03,78.25544369,8.646876875,24.5
2017,136,Arusha,1,46.30762036,37.95,98.98792856,8.567577013,23.8125
2017,136,Arusha,2,42.56595743,35.73,99.86217482,8.448275862,23.3125
2017,137,Arusha,1,40.08429325,47.37,100.8182748,10.34209007,22.375
2017,137,Arusha,2,43.89528944,37.78,98.0240876,9.876691009,22.5625
2017,138,Arusha,1,48.37195163,34.32,99.37153725,8.868888348,22.75
2017,138,Arusha,2,50.67694932,29.15,99.19621656,9.341170708,23.4375
2017,139,Arusha,1,50.25961641,30.98,95.61742683,8.562059207,21.0625
2017,139,Arusha,2,63.08727025,37.65,74.41430398,9.012946318,21.5
2017,140,Arusha,1,50.79228254,30.82,104.9456283,7.869409323,23.0625
2017,140,Arusha,2,50.86061581,28.73,104.296706,8.114980176,22.5
2017,143,Arusha,1,48.72395128,35.35,92.48556495,8.656811656,24.125
2017,143,Arusha,2,48.63195137,31.37,93.30207819,8.511430833,22.6875
2017,144,Arusha,1,53.05994694,40.92,77.06370147,8.236478832,25.3125
2017,144,Arusha,2,56.73994326,49.83,55.63388556,9.04869369,24.625
2017,157,Arusha,1,46.48195352,29.65,95.91096195,9.235209235,26.5625
2017,157,Arusha,2,44.6382887,34.98,94.83254303,8.898568762,25.5625
2017,158,Arusha,1,55.54327779,29.25,96.40520915,8.918406072,25.875
2017,158,Arusha,2,59.37994062,25.27,93.88121702,8.526583122,22.6875
2017,159,Arusha,1,51.80661486,31.25,101.2096255,8.366617616,23.1875
2017,159,Arusha,2,48.77328456,28.35,100.0546747,7.621897553,23.3125
2017,160,Arusha,1,52.67661399,33.38,95.95646396,8.36963574,22.125
2017,160,Arusha,2,50.97994902,30.18,96.48228063,8.350246448,22.25
2017,161,Arusha,1,64.62660204,27.48,107.6077986,8.122674195,24.6875
2017,161,Arusha,2,62.79327054,25.68,107.6069646,7.438101788,25.75
2017,162,Arusha,1,48.06328527,31.17,106.2695055,8.535408373,25.625
2017,162,Arusha,2,45.87662079,31.75,109.4819443,9.251042977,25.9375
2017,163,Arusha,1,52.45661421,34.98,76.78083497,9.174436499,22.4375
2017,163,Arusha,2,50.58328275,37.38,60.40197694,9.231038711,21.1875
2017,TZ-27,Arusha,1,46.14295386,43.47,87.82913985,9.733355145,20.6875
2017,TZ-27,Arusha,2,48.91328442,38.53,94.33692245,9.46321486,23.4375
2017,TZ-37,Arusha,1,57.65660901,27.05,98.53731861,8.496130517,26.875
2017,TZ-37,Arusha,2,57.41327592,28.35,98.03762192,8.307210031,24.75
2017,2,Morogoro,1,43.264,42.97,54.29302268,10.14992026,23.875
2017,2,Morogoro,2,34.74366667,27.75,135.2467116,11.46923783,22.8125
2017,3,Morogoro,1,32.9716337,50.13,94.88449679,13.27702703,19.6875
2017,3,Morogoro,2,31.78863488,66.82,92.81504939,11.79982717,18.625
2017,4,Morogoro,1,34.68363198,42.95,97.48008188,10.75563681,21.875
2017,4,Morogoro,2,37.34362932,38.10,91.02748346,9.804325438,22.625
2017,5,Morogoro,1,34.4656322,41.55,95.03467219,10.69135185,24.5625
2017,5,Morogoro,2,43.31562335,39.08,88.86161281,9.703140995,28.375
2017,6,Morogoro,1,37.45096255,41.90,106.7857556,12.17518499,22.9375
2017,6,Morogoro,2,35.74763092,45.20,97.08512444,11.14488349,22.5
2017,7,Morogoro,1,38.39662827,48.02,112.7962497,10.15761821,21.375
2017,7,Morogoro,2,35.47763119,46.17,87.59219415,11.03504482,20.0625
2017,8,Morogoro,1,38.40629493,53.50,90.35054982,10.6413529,22.1875
2017,8,Morogoro,2,37.12729621,46.00,100.1310804,11.97525409,22
2017,9,Morogoro,1,40.94029239,44.58,82.11869306,10.03884333,24.8125
2017,9,Morogoro,2,39.61529372,40.72,93.1575316,9.187238007,23.6875
2017,10,Morogoro,1,45.92128741,43.45,92.99671903,11.42142559,24.8125
2017,10,Morogoro,2,36.62096338,41.57,96.59029883,11.63887759,21.1875
2017,11,Morogoro,1,37.11829622,47.03,99.5420053,11.44752243,26.0625
2017,11,Morogoro,2,35.50329783,38.98,99.91550089,11.5945401,24.375
2017,12,Morogoro,1,37.17929615,38.20,94.71390916,12.59955752,24.625
2017,12,Morogoro,2,37.48296252,35.07,86.5023255,11.40595221,22.0625
2017,13,Morogoro,1,36.43996356,41.00,98.94804244,12.57965737,25.9375
2017,13,Morogoro,2,37.43596256,46.85,89.61249421,11.53014653,22
2017,14,Morogoro,1,37.63296237,43.60,89.51452183,14.34689507,24.75
2017,14,Morogoro,2,35.08863158,58.33,89.66237912,13.74403616,22.4375
2017,15,Morogoro,1,42.7999572,43.25,96.1682243,11.92444815,24.3125
2017,15,Morogoro,2,43.53295647,43.53,92.26793467,12.04504652,21.5625
2017,16,Morogoro,1,38.62996137,35.45,98.56760721,10.36328599,23
2017,16,Morogoro,2,39.92529341,42.73,92.75146941,11.04409019,24.375
2017,17,Morogoro,1,48.03661863,30.03,94.35847616,11.02026795,23.0625
2017,17,Morogoro,2,33.50796649,33.28,100.2208428,11.15675474,21.1875
2017,18,Morogoro,1,48.0686186,43.90,83.67474308,9.200881644,23.875
2017,18,Morogoro,2,48.31228502,39.47,80.74749719,9.631218833,23.875
2017,19,Morogoro,1,38.10662856,36.47,90.76277117,10.6732481,22.125
2017,19,Morogoro,2,30.62496938,54.22,94.37278912,11.85457358,22.5
2017,20,Morogoro,1,36.9302964,40.62,91.61303716,11.59447176,22.5625
2017,20,Morogoro,2,31.39863527,43.97,93.46893711,11.62719477,21.6875
2017,21,Morogoro,1,42.10762456,44.30,79.22310268,11.63977382,23.25
2017,21,Morogoro,2,30.40963626,45.55,92.04419647,13.02319872,16.9375
2017,22,Morogoro,1,39.5626271,50.80,96.6921677,12.96790123,23.6875
2017,22,Morogoro,2,39.40596059,51.25,86.9850615,11.40555232,23.6875
2017,23,Morogoro,1,39.001961,43.27,99.28037878,14.01611047,24.875
2017,23,Morogoro,2,41.1656255,36.70,104.3126554,12.8862651,23.75
2017,24,Morogoro,1,30.83563583,81.63,100.5253656,13.96775746,21.25
2017,24,Morogoro,2,32.62596737,73.22,90.67614786,12.43243243,19.9375
2017,25,Morogoro,1,37.87362879,39.30,98.31721249,13.87712958,24.1875
2017,25,Morogoro,2,35.37096463,44.80,91.91804963,14.14790997,25.3125
2017,26,Morogoro,1,45.48495452,35.88,92.14393023,11.23298802,23.625
2017,26,Morogoro,2,38.02729531,38.37,90.27541593,9.678962157,20.0625
2017,27,Morogoro,1,42.39195761,45.98,100.438762,11.50497163,25.75
2017,27,Morogoro,2,37.19462947,50.17,100.1182965,11.51573231,22.875
2017,28,Morogoro,1,28.32563834,81.15,98.10066253,14.17592812,20.75
2017,28,Morogoro,2,30.95096905,62.25,95.25486522,12.65540917,21.875
2017,29,Morogoro,1,29.8706368,62.27,89.95223854,15.03881358,20.75
2017,29,Morogoro,2,26.38497362,82.62,104.358537,13.58853134,19.8125
2017,30,Morogoro,1,33.66196634,53.13,97.44320995,14.91970486,23.3125
2017,30,Morogoro,2,30.91996908,70.92,98.37214317,12.37227899,21.75
2017,31,Morogoro,1,33.54463312,77.15,90.44259395,12.25778825,16.875
2017,31,Morogoro,2,40.95729238,83.60,81.97799336,13.6654431,18.8125
2017,32,Morogoro,1,33.66163301,52.73,97.31643313,11.80441225,20.375
2017,32,Morogoro,2,30.20630313,65.52,99.83667884,13.33599123,20.9375
2017,33,Morogoro,1,50.24561642,40.13,94.73652786,9.09049002,27.125
2017,33,Morogoro,2,40.39429294,41.73,96.14137296,10.09017413,24.125
2017,34,Morogoro,1,43.04529029,41.05,83.66683187,9.960108909,23.75
2017,34,Morogoro,2,34.45363221,38.52,97.52130881,11.09108078,24.5
2017,35,Morogoro,1,41.5049585,57.50,87.84885355,9.510327521,22.125
2017,35,Morogoro,2,34.34829899,50.78,92.78955796,10.84816186,22.1875
2017,36,Morogoro,1,33.97996602,72.75,95.85050029,12.38344227,21.5
2017,36,Morogoro,2,33.95329938,55.60,92.27370901,12.02031603,22.6875
2017,37,Morogoro,1,44.0666226,35.78,97.62481089,10.34735161,22.6875
2017,37,Morogoro,2,41.28329205,42.83,88.16310052,9.916145348,24
2017,38,Morogoro,1,32.2999677,61.13,94.50980392,12.01877934,20.875
2017,38,Morogoro,2,30.50663616,60.40,91.1604021,12.8187863,21.875
2017,39,Morogoro,1,36.75996324,65.97,96.83532826,10.02706167,24
2017,39,Morogoro,2,32.80330053,66.25,91.62686719,11.3672496,18.25
2017,40,Morogoro,1,35.09329824,58.40,99.25911854,13.71697879,25.3125
2017,40,Morogoro,2,40.19329314,46.93,90.42129706,12.39787194,22.25
2017,41,Morogoro,1,32.88996711,53.93,92.35836627,12.34330772,21.5
2017,41,Morogoro,2,36.03663063,60.40,93.09037092,11.12884835,21.5
2017,42,Morogoro,1,34.56996543,55.03,95.01494552,9.918345944,21.4375
2017,42,Morogoro,2,31.47996852,50.05,97.39517154,11.20304327,22.75
2017,43,Morogoro,1,35.91663075,66.58,90.59860789,11.82051282,19.1875
2017,43,Morogoro,2,31.98330135,52.58,96.5607087,12.83048899,20
2017,44,Morogoro,1,27.6333057,68.02,104.933655,11.84780725,21.75
2017,44,Morogoro,2,31.74663492,64.45,91.88366233,11.62098257,19.875
2017,45,Morogoro,1,33.28996671,70.90,85.05056574,13.26578042,23.5
2017,45,Morogoro,2,33.0999669,61.02,84.47129909,12.8894691,22.75
2017,46,Morogoro,1,31.63996836,53.53,95.51201011,13.25700512,22.625
2017,46,Morogoro,2,27.74330559,49.52,100.3484321,11.30369254,20.6875
2017,47,Morogoro,1,31.07030226,78.87,99.60090547,12.30112209,20.5
2017,47,Morogoro,2,33.95229938,69.50,92.93715699,12.02417906,20.9375
2017,48,Morogoro,1,36.73462993,52.15,95.15625567,10.04907975,22.3125
2017,48,Morogoro,2,40.15929317,54.85,101.5554707,10.07382,19.9375
2017,49,Morogoro,1,42.18595781,49.90,77.87101566,10.31836081,19.375
2017,49,Morogoro,2,39.06729427,57.65,84.09242163,11.50818154,19.5
2017,50,Morogoro,1,32.3029677,100.73,100.445779,11.21880093,20.8125
2017,50,Morogoro,2,33.90229943,78.53,83.36004405,12.6461637,18.1875
2017,51,Morogoro,1,41.94529139,52.13,96.17597508,9.954832882,20.75
2017,51,Morogoro,2,40.90595909,58.85,99.70175524,10.3320325,21.1875
2017,52,Morogoro,1,35.17663149,60.17,89.45323605,10.88841112,19.4375
2017,52,Morogoro,2,34.71063196,56.77,97.4417086,10.86732945,20.625
2017,53,Morogoro,1,39.34196066,64.45,98.38849067,10.82209848,20.9375
2017,53,Morogoro,2,40.05895994,53.83,101.3862886,10.53309481,23.3125
2017,54,Morogoro,1,35.28563138,51.55,97.19999622,10.00945661,21.1875
2017,54,Morogoro,2,39.15562751,49.70,96.58287008,9.715115912,25.625
2017,55,Morogoro,1,40.91229242,40.52,97.05549264,9.978566325,22.75
2017,55,Morogoro,2,38.15129518,46.47,85.74274381,9.917609918,21.9375
2017,56,Morogoro,1,43.62562304,34.75,100.4171856,9.275472656,22.9375
2017,56,Morogoro,2,43.70962296,32.80,97.41628473,9.108527132,23.25
2017,57,Morogoro,1,49.73095027,31.50,100.7734947,8.701256848,26.4375
2017,57,Morogoro,2,45.1009549,37.57,96.04147728,8.177593197,23.125
2017,58,Morogoro,1,36.41163026,54.50,91.88904655,11.89571823,21.125
2017,58,Morogoro,2,32.53563413,63.97,95.17042835,11.79844326,22.5625
2017,59,Morogoro,1,40.29029304,39.62,100.4037362,10.87707858,24.5625
2017,59,Morogoro,2,40.25629308,44.65,98.27935977,9.61270872,22.5625
2017,61,Morogoro,1,34.91863175,49.55,87.41647256,10.88060169,20.3125
2017,61,Morogoro,2,32.62730071,55.78,97.8606894,9.815087766,22.375
2017,62,Morogoro,1,37.98,44.00,77.90942601,11.33526964,22.875
2017,62,Morogoro,2,33.249,68.25,93.42937632,11.42963792,20.625
2017,63,Morogoro,1,38.7342946,44.02,84.84032254,11.05603745,20.5
2017,63,Morogoro,2,32.94363372,53.02,95.40427599,10.7591283,21.6875
2017,64,Morogoro,1,46.81028652,42.63,96.65885737,9.093276392,23.9375
2017,64,Morogoro,2,38.81762785,41.98,102.7684989,9.789388714,25.125
2017,65,Morogoro,1,45.84328749,52.47,91.60183233,9.007641862,26.3125
2017,65,Morogoro,2,41.38295862,44.58,102.7483105,9.136483975,22.3125
2017,66,Morogoro,1,39.43462723,38.82,97.09392751,9.360873496,25.375
2017,66,Morogoro,2,36.98596301,37.93,102.4639954,9.154839535,23.875
2017,67,Morogoro,1,32.04130129,57.35,92.6365944,13.25031928,22.1875
2017,67,Morogoro,2,34.65129868,53.03,98.10685496,11.75221776,20.5
2017,68,Morogoro,1,37.36829597,47.55,97.55586281,10.74676022,21.4375
2017,68,Morogoro,2,43.04362362,44.02,98.02371235,9.584384253,22.6875
2017,69,Morogoro,1,40.1292932,33.48,95.15234076,9.486290577,24.1875
2017,69,Morogoro,2,41.81829152,34.93,93.72683432,9.868249413,23.1875
2017,70,Morogoro,1,35.39296461,50.92,95.22692811,10.20111141,21.25
2017,70,Morogoro,2,37.48696251,40.88,96.29916149,10.03680161,20.75
2017,71,Morogoro,1,34.35996564,52.55,94.24718665,14.16479706,23.8125
2017,71,Morogoro,2,33.05630028,49.18,98.61045286,13.04384557,21.5
2017,72,Morogoro,1,39.07562759,39.27,96.90856202,10.17676444,24.3125
2017,72,Morogoro,2,42.80429053,37.07,94.97247163,10.25580573,24.5
2017,73,Morogoro,1,29.98630335,57.85,94.75538857,11.3835232,21.75
2017,73,Morogoro,2,31.18530215,49.33,87.36371799,11.36721208,20.4375
2017,74,Morogoro,1,38.83396117,36.03,94.80352269,10.20118823,22.3125
2017,74,Morogoro,2,36.22396378,38.30,94.88000589,10.85177081,20.875
2017,75,Morogoro,1,38.81362785,61.57,94.67369741,11.22758439,23.1875
2017,75,Morogoro,2,31.94996805,59.15,93.10380803,11.71869394,21.0625
2017,76,Morogoro,1,35.80663086,61.55,94.88921988,10.75904301,21.875
2017,76,Morogoro,2,32.04930128,67.40,95.44868328,11.78427731,21.0625
2017,77,Morogoro,1,42.95495705,35.70,98.07550537,9.758459955,26.6875
2017,77,Morogoro,2,37.43462923,38.90,93.64403761,10.71474565,25.125
2017,78,Morogoro,1,36.10729723,51.73,96.68211444,11.33482476,24.0625
2017,78,Morogoro,2,32.48730085,48.68,97.97459523,11.91556968,20.875
2017,79,Morogoro,1,44.36495564,48.03,89.86438258,10.13669821,23.125
2017,79,Morogoro,2,40.44062623,40.50,94.44123902,10.46613305,24.8125
2017,80,Morogoro,1,32.93763373,55.15,109.7699695,12.59762933,25.6875
2017,80,Morogoro,2,36.50229683,54.22,100.7086305,11.4315139,23.6875
2017,81,Morogoro,1,33.84029949,55.15,85.3606643,13.01295362,23.75
2017,81,Morogoro,2,30.75063592,67.00,98.16372545,13.30458561,23.75
2017,82,Morogoro,1,28.16730517,50.40,102.882772,10.66009698,20.25
2017,82,Morogoro,2,36.01163066,37.35,89.53117045,10.53386912,19.75
2017,83,Morogoro,1,40.10562656,55.17,110.2113583,9.572442444,21.375
2017,83,Morogoro,2,48.330285,41.02,87.0529895,9.341559819,21.375
2017,84,Morogoro,1,43.07895692,38.93,90.68842514,9.194170596,21.5
2017,84,Morogoro,2,40.00695999,40.80,93.79108656,9.997409997,21.5
2017,85,Morogoro,1,30.92663574,46.63,101.692175,12.478193,21.1875
2017,85,Morogoro,2,32.98130035,45.78,97.76843467,10.99455152,23.6875
2017,86,Morogoro,1,44.16328917,43.78,85.9763001,10.45719844,24.3125
2017,86,Morogoro,2,37.2686294,44.35,97.58331395,12.12844037,21.6875
2017,87,Morogoro,1,35.09229824,54.43,89.1391282,12.58069249,22.875
2017,87,Morogoro,2,31.60430173,62.65,93.01150686,12.30704344,18.375
2017,88,Morogoro,1,44.74262192,38.48,91.18216766,12.02868549,26.125
2017,88,Morogoro,2,36.38496362,49.38,97.80129174,11.82589652,21.1875
2017,89,Morogoro,1,35.97463069,43.35,99.65901931,11.71385991,28.0625
2017,89,Morogoro,2,34.83896516,42.83,102.9526297,11.38146945,25.1875
2017,90,Morogoro,1,37.31996268,48.82,84.3336906,11.75687319,20.75
2017,90,Morogoro,2,30.68730265,59.37,95.06419587,13.03744799,20.5
2017,91,Morogoro,1,31.85630148,45.10,94.6760979,13.08479532,20.5
2017,91,Morogoro,2,32.93363373,38.87,95.65591441,10.94322344,21.875
2017,92,Morogoro,1,31.86296814,63.17,91.7898503,12.52707921,20
2017,92,Morogoro,2,29.25430408,53.90,90.12567939,11.63416274,20.8125
2017,93,Morogoro,1,47.47828586,37.63,94.13767684,9.74247949,25.75
2017,93,Morogoro,2,40.31762635,38.85,93.07499607,9.759966892,23.625
2017,94,Morogoro,1,40.98262568,40.85,90.828643,10.37699184,24.3125
2017,94,Morogoro,2,39.20696079,45.80,92.76319705,11.31520413,21.0625
2017,95,Morogoro,1,45.74528759,45.03,97.53563205,9.604976672,25.5
2017,95,Morogoro,2,38.26496174,37.45,93.09203363,9.72661466,22.9375
2017,96,Morogoro,1,40.67929265,46.30,92.07132205,9.997159898,19.4375
2017,96,Morogoro,2,37.74796225,49.23,93.35240719,10.15641293,19.375
2017,97,Morogoro,1,30.1039699,53.18,102.896625,14.22264646,24.3125
2017,97,Morogoro,2,32.47763419,53.68,99.5833034,12.89010781,22.875
2017,98,Morogoro,1,34.27629906,54.78,90.83138025,10.4741315,23.8125
2017,98,Morogoro,2,33.07263359,54.73,97.19204177,11.67189601,24.5625
2017,99,Morogoro,1,37.78996221,45.22,90.7206492,10.86573061,24.125
2017,99,Morogoro,2,45.44328789,36.87,82.76241473,10.63035109,23.6875
2017,100,Morogoro,1,32.44996755,49.15,95.89111454,10.18435654,20.875
2017,100,Morogoro,2,37.05662961,46.90,82.46829181,11.12632139,23
2017,101,Morogoro,1,47.27661939,34.15,96.56631178,9.384460141,26.3125
2017,101,Morogoro,2,41.95995804,38.72,94.24054655,10.24906045,23.0625
2017,102,Morogoro,1,39.08996091,45.68,92.99906199,10.16425342,23.4375
2017,102,Morogoro,2,41.4999585,52.27,81.95983936,10.66306381,23.5
2017,103,Morogoro,1,40.33995966,36.97,90.96017187,12.3680713,22.9375
2017,103,Morogoro,2,37.7666289,42.38,97.4227714,11.47315282,22.625
2017,104,Morogoro,1,36.30663036,42.87,92.31546089,11.69278997,23.3125
2017,104,Morogoro,2,34.93996506,54.93,88.0175539,11.32376396,20.0625
2017,105,Morogoro,1,38.58996141,48.48,103.5587803,10.03144856,25.9375
2017,105,Morogoro,2,36.04996395,53.47,96.96717522,9.921500218,24.4375
2017,106,Morogoro,1,36.6969633,43.77,98.69925789,11.5012196,23.25
2017,106,Morogoro,2,37.38862928,44.95,92.22402511,12.95168815,23.5
2017,107,Morogoro,1,41.72195828,41.87,84.73067766,10.70709781,25.875
2017,107,Morogoro,2,34.63296537,42.58,95.67079568,11.58867894,21.75
2017,108,Morogoro,1,37.69362897,42.70,94.08211813,10.64304551,23.6875
2017,108,Morogoro,2,38.07862859,41.38,88.94218985,10.60397649,22.0625
2017,109,Morogoro,1,30.65830268,69.18,103.7945094,14.17004049,20.8125
2017,109,Morogoro,2,34.29763237,56.18,93.81299019,13.70251716,21.4375
2017,110,Morogoro,1,37.91562875,51.08,99.55691139,10.35161744,25.125
2017,110,Morogoro,2,37.45896254,44.40,94.90643103,10.7996506,24.4375
2017,111,Morogoro,1,40.68762598,44.90,75.22918493,10.59671495,20.625
2017,111,Morogoro,2,38.77129456,39.98,90.57035267,12.02066051,22
2017,112,Morogoro,1,35.5999644,43.20,88.58614232,10.48380517,23.5625
2017,112,Morogoro,2,35.32129801,45.10,97.71809294,10.19386676,21.25
2017,113,Morogoro,1,32.20696779,57.17,102.4818621,9.657234235,21.625
2017,113,Morogoro,2,36.93462973,49.75,96.94234865,11.2687813,22.5
2017,114,Morogoro,1,35.35496465,43.92,87.56422948,10.3547594,23.8125
2017,114,Morogoro,2,30.10896989,45.80,84.13099073,11.13798906,23.375
2017,115,Morogoro,1,34.0636326,53.72,93.53954849,12.6504065,20.5
2017,115,Morogoro,2,30.33796966,64.05,100.090096,13.35790417,20.1875
2017,116,Morogoro,1,36.3959636,69.40,90.72608712,11.53410378,20.6875
2017,116,Morogoro,2,33.32996667,59.55,94.22942294,11.28919861,20.3125
2017,117,Morogoro,1,46.24795375,35.68,93.37052413,8.498569092,25.25
2017,117,Morogoro,2,44.6322887,36.40,95.97153036,8.756696841,24.25
2017,118,Morogoro,1,42.30329103,38.12,91.89977149,9.650373581,23.0625
2017,118,Morogoro,2,42.39662427,39.53,94.57504521,10.07874016,23.6875
2017,119,Morogoro,1,35.98663068,38.95,91.55242682,10.19351935,24.5
2017,119,Morogoro,2,28.89663777,41.28,96.19333256,11.19291787,22.5625
2017,120,Morogoro,1,30.44596955,42.22,104.1538024,12.42958169,26.5
2017,120,Morogoro,2,27.02663964,45.87,99.16132215,12.90696449,22.375
2017,121,Morogoro,1,29.81263685,53.15,109.6088911,12.100808,22.875
2017,121,Morogoro,2,36.16629717,48.62,99.40275947,10.68044222,24.5
2017,122,Morogoro,1,29.42963724,37.18,110.977585,12.24401624,24.25
2017,122,Morogoro,2,27.98530535,49.15,100.2953928,12.21914141,21.8125
2017,123,Morogoro,1,38.17496183,42.27,99.38877974,9.474032418,24.125
2017,123,Morogoro,2,38.5372948,36.00,100.662561,9.177539013,24.3125
2017,124,Morogoro,1,37.17429616,48.32,96.23754741,9.166562383,23.125
2017,124,Morogoro,2,33.92463274,52.68,100.8469747,10.26328453,23.5625
2017,125,Morogoro,1,42.69329064,58.05,72.79044347,10.35336976,23.875
2017,125,Morogoro,2,36.57763009,54.13,104.2594297,10.80911998,23.8125
2017,126,Morogoro,1,37.11062956,38.43,108.2869256,11.80782408,23.1875
2017,126,Morogoro,2,36.67762999,52.83,98.91305336,9.697056506,22
2017,128,Morogoro,1,37.87129546,42.82,100.6354851,10.28174656,27.875
2017,128,Morogoro,2,33.45329988,35.87,99.08330012,9.666060215,28.8125
2017,129,Morogoro,1,36.20796379,45.87,99.43106496,10.11934185,23.6875
2017,129,Morogoro,2,36.02129731,56.45,97.34601718,9.748514578,23.5
2017,130,Morogoro,1,43.63595636,34.12,103.0586366,9.068384539,23.625
2017,130,Morogoro,2,45.337288,30.73,98.96038585,8.281301347,23.1875
2017,131,Morogoro,1,46.31028702,32.87,100.32966,8.826718716,23.6875
2017,131,Morogoro,2,44.9646217,34.85,101.3210373,9.038182697,24.1875
2017,132,Morogoro,1,39.15496085,32.43,99.56582812,10.82817706,21.9375
2017,132,Morogoro,2,33.77396623,44.17,102.9470401,11.06351551,21.875
2017,133,Morogoro,1,45.91795408,36.82,98.89077631,8.324054928,24.75
2017,133,Morogoro,2,44.28095572,36.22,105.6412457,8.450939923,24.1875
2017,134,Morogoro,1,46.45728688,33.7,98.0168183,9.668766037,24.3125
2017,134,Morogoro,2,39.27262739,39.33,107.9648271,9.942457572,21.3125
2017,135,Morogoro,1,41.1332922,36.13,91.93679092,10.97108495,22.4375
2017,135,Morogoro,2,41.77929155,44.83,100.258501,10.68688345,19.1875
2017,136,Morogoro,1,36.29129704,44.7,91.97420872,10.21498015,24.1875
2017,136,Morogoro,2,30.92063575,56.53,97.83963261,10.08268259,22.1875
2017,137,Morogoro,1,38.02196198,54.63,93.44940648,10.90811751,21.25
2017,137,Morogoro,2,36.1676305,65.72,92.28039778,10.90541905,21.125
2017,138,Morogoro,1,40.66395934,37.28,95.56200407,10.40248095,24.1875
2017,138,Morogoro,2,33.44029989,51.67,97.17706163,10.99592743,20.75
2017,139,Morogoro,1,42.96529037,45.7,91.33254717,10.58128691,18.9375
2017,139,Morogoro,2,40.87629246,47.83,93.09461873,10.72760604,20.125
2017,140,Morogoro,1,40.10895989,43.178,91.98517373,8.353772904,22.5
2017,140,Morogoro,2,38.81429452,43.88,100.0291988,9.464223989,21.0625
2017,143,Morogoro,1,37.82729551,36.38,95.39662678,9.795611457,24.4375
2017,143,Morogoro,2,30.40030293,45.33,96.39039046,10.37480064,19.5625
2017,144,Morogoro,1,39.62862704,44.87,102.2778124,10.85203602,22.0625
2017,144,Morogoro,2,41.1292922,46.07,102.1833566,10.54871078,22.5
2017,157,Morogoro,1,34.08663258,51.37,100.3324858,10.54457686,23.0625
2017,157,Morogoro,2,33.44229989,45.05,100.6937315,9.49016348,23.25
2017,158,Morogoro,1,40.89962577,52.27,104.4759941,9.546711555,23.625
2017,158,Morogoro,2,36.38896361,55.00,106.7474603,9.907485282,22.3125
2017,159,Morogoro,1,35.1009649,55.53,100.8869643,9.845485889,20.6875
2017,159,Morogoro,2,30.20430313,55.62,108.557271,10.54509251,21.0625
2017,160,Morogoro,1,39.85429348,37.45,96.86692371,9.740759754,22.9375
2017,160,Morogoro,2,33.4312999,46.72,105.406106,10.39543122,21
2017,161,Morogoro,1,44.08528925,42.67,97.27649407,9.184544125,22.375
2017,161,Morogoro,2,41.22095878,51.87,117.8824709,9.763522696,22.75
2017,162,Morogoro,1,34.56496544,59.72,115.9024061,9.239846839,26.9375
2017,162,Morogoro,2,32.16496784,54.88,106.0106741,9.583454704,24.75
2017,163,Morogoro,1,38.30529503,43.65,101.0076926,9.009334227,20.9375
2017,163,Morogoro,2,40.72762594,47.50,102.3194716,8.780460225,21.5625
2017,TZ-27,Morogoro,1,26.67330666,71.35,98.47538115,11.81237058,20.8125
2017,TZ-27,Morogoro,2,28.35063832,69.50,102.2527395,11.32954366,20.6875
2017,TZ-37,Morogoro,1,42.84295716,36.17,106.8326992,8.816805684,25.1875
2017,TZ-37,Morogoro,2,39.79162688,34.52,105.5790576,9.566437304,23.9375
2016,2,Arusha,1,45.14266667,30.3167,103.8204803,8.251964213,21.4375
2016,2,Arusha,2,36.632,38.1833,113.7202446,9.264399722,26.0625
2016,3,Arusha,1,34.61533333,78.45,82.63582613,11.33633171,23.625
2016,3,Arusha,2,36.08166667,50.08,106.1065176,10.09413178,20.875
2016,4,Arusha,1,42.706,49.2000,50.97800465,9.383265208,22.8125
2016,4,Arusha,2,37.65166667,43.1167,91.21774158,8.855336712,26
2016,5,Arusha,1,43.081,37.3667,103.8949885,8.427989713,20.25
2016,5,Arusha,2,41.792,41.5500,115.4559086,8.716748487,21.875
2016,6,Arusha,1,50.08,31.1833,100.3660809,NA,21.375
2016,6,Arusha,2,36.632,54.0500,108.0330494,10.69258809,NA
2016,7,Arusha,1,34.31633333,32.4500,109.2978077,NA,22.625
2016,7,Arusha,2,37.81433333,42.4333,102.7626209,10.21293832,23.0625
2016,8,Arusha,1,36.19366667,81.0833,114.9547343,NA,22.75
2016,8,Arusha,2,37.33133333,68.1167,102.8947979,NA,24
2016,9,Arusha,1,40.30133333,41.1000,110.8755707,NA,22.375
2016,9,Arusha,2,33.81666667,55.8000,127.2449483,8.926991903,21.4375
2016,10,Arusha,1,43.663,39.8167,101.2993457,9.530900968,21.8125
2016,10,Arusha,2,36.99,33.9500,109.8585203,10.74196374,21.3125
2016,11,Arusha,1,37.34,48.8000,92.94768791,NA,25.3125
2016,11,Arusha,2,37.17433333,47.0667,97.76189665,9.971208649,23
2016,12,Arusha,1,40.09366667,44.4833,102.6088908,10.8136361,23.1875
2016,12,Arusha,2,38.42,38.0167,101.8219677,NA,19.5625
2016,13,Arusha,1,28.15566667,36.4000,102.1262742,NA,23.25
2016,13,Arusha,2,28.264,39.7500,97.30634966,NA,21.625
2016,14,Arusha,1,32.63466667,43.1000,99.42188266,NA,20.8125
2016,14,Arusha,2,41.76566667,40.9667,104.0910796,10.3805175,23.5625
2016,15,Arusha,1,44.6,35.4167,106.7309417,NA,21.5
2016,15,Arusha,2,44.39033333,34.4833,95.51554017,8.630709902,23.375
2016,16,Arusha,1,42.97566667,59.9,79.20218418,8.813998704,23
2016,16,Arusha,2,NA,NA,NA,NA,NA
2016,17,Arusha,1,49.85433333,40.1500,71.09178072,NA,23.125
2016,17,Arusha,2,50.41366667,31.7500,82.66872078,7.392485287,24.5
2016,18,Arusha,1,37.47733333,42.4167,110.4996798,8.367231348,21.375
2016,18,Arusha,2,47.55966667,26.9833,99.73506963,8.001204698,24.4375
2016,19,Arusha,1,38.00933333,53.7333,94.7416424,9.333495796,26.625
2016,19,Arusha,2,40.53833333,29.1167,108.8147021,9.084207542,22.25
2016,20,Arusha,1,35.45666667,50.1667,109.1548369,NA,21.75
2016,20,Arusha,2,40.85333333,40.6500,106.3805483,8.037425833,22.8125
2016,21,Arusha,1,33.70666667,48.5167,106.0007911,NA,20.625
2016,21,Arusha,2,36.958,41.5333,107.965799,10.34575181,22.125
2016,22,Arusha,1,40.841,41.2167,103.9127348,8.662770712,23.3125
2016,22,Arusha,2,44.077,48.6833,105.5871921,7.856877422,25.9375
2016,23,Arusha,1,44.99333333,66.9000,69.52881908,8.465663023,25.4375
2016,23,Arusha,2,49.783,44.9500,87.06519629,8.499608764,22.6875
2016,24,Arusha,1,34.28666667,48.7333,99.62764923,NA,20.625
2016,24,Arusha,2,38.35466667,35.7000,114.0287145,9.940234551,21.8125
2016,25,Arusha,1,35.01,32.2667,92.15652671,NA,22
2016,25,Arusha,2,33.12166667,33.7500,125.0389976,10.11868064,21.3125
2016,26,Arusha,1,50.74633333,40.78333333,83.18564888,8.438538206,23.625
2016,26,Arusha,2,NA,NA,NA,NA,NA
2016,27,Arusha,1,42.24333333,40.9000,107.4489071,9.788235294,22.625
2016,27,Arusha,2,41.97233333,47.8333,116.7936021,10.81305486,23.4375
2016,28,Arusha,1,36.61666667,44.2333,98.19663177,NA,18.8125
2016,28,Arusha,2,34.61466667,73.1667,123.5083394,10.78439493,22.125
2016,29,Arusha,1,39.543,50.4833,92.05506242,NA,19.125
2016,29,Arusha,2,34.80366667,51.5500,106.7789792,12.001512,23
2016,30,Arusha,1,36.223,37.21666667,100.7012119,9.453064818,21.75
2016,30,Arusha,2,NA,NA,NA,NA,NA
2016,31,Arusha,1,35.645,55.9167,97.97072988,8.411415109,21.5
2016,31,Arusha,2,41.58533333,53.0000,108.7995768,8.455610683,20.5
2016,32,Arusha,1,36.191,44.1000,102.8312748,11.1446557,20.875
2016,32,Arusha,2,33.18733333,46.8167,101.1309536,9.824561404,24.875
2016,33,Arusha,1,43.406,58.4833,104.0962079,NA,23.625
2016,33,Arusha,2,42.79066667,43.6833,107.2180849,9.226682409,21.5
2016,34,Arusha,1,39.89666667,36.9000,100.8739243,NA,22.875
2016,34,Arusha,2,38.05666667,35.1333,109.8186914,8.923574405,22.1875
2016,35,Arusha,1,33.65633333,32.8000,97.04067585,10.72168365,22
2016,35,Arusha,2,36.23166667,27.4667,105.3544321,9.553317841,20.875
2016,36,Arusha,1,33.874,44.5500,104.5177225,NA,21.375
2016,36,Arusha,2,36.34,47.2667,94.42304164,10.26968129,25.0625
2016,37,Arusha,1,43.76233333,39.2833,93.46926962,9.45023177,21.375
2016,37,Arusha,2,45.25066667,27.4833,88.5202428,8.762621059,24.125
2016,38,Arusha,1,46.80766667,33.0667,103.1219957,9.420582559,24.0625
2016,38,Arusha,2,38.04533333,39.2333,105.5705474,10.24688811,26.5
2016,39,Arusha,1,34.867,36.9500,113.3536008,11.66412848,23.75
2016,39,Arusha,2,35.66233333,48.6667,104.6229916,11.21182021,23.3125
2016,40,Arusha,1,38.91866667,49.6833,113.4536983,9.973379558,21.125
2016,40,Arusha,2,56.40333333,36.3333,101.8615921,8.863845446,22.6875
2016,41,Arusha,1,36.76133333,38.0667,99.66812956,NA,22.5
2016,41,Arusha,2,44.72333333,46.8833,67.25795632,11.71112131,21.9375
2016,42,Arusha,1,35.435,60.6333,94.37467664,9.836635384,21.4375
2016,42,Arusha,2,46.68633333,52.3000,79.65286058,9.145259838,20.4375
2016,43,Arusha,1,32.688,60.8167,108.8534019,NA,20.75
2016,43,Arusha,2,38.62833333,50.7333,110.7002632,11.39362111,21.8125
2016,44,Arusha,1,34.60766667,37.8167,108.33534,NA,21.9375
2016,44,Arusha,2,34.91966667,48.4000,105.1375061,8.994836075,25.1875
2016,45,Arusha,1,40.44233333,60.0667,90.69951454,10.09314789,20.1875
2016,45,Arusha,2,39.133,40.2000,89.62682817,10.87012486,23.3125
2016,46,Arusha,1,37.764,35.4000,106.2634608,9.314498781,21.3125
2016,46,Arusha,2,34.867,45.2833,109.4817449,9.039190898,23
2016,47,Arusha,1,36.124,42.7667,104.3239951,9.716524827,20.0625
2016,47,Arusha,2,39.002,46.6000,108.7243389,9.112652475,21.25
2016,48,Arusha,1,36.88666667,42.2667,122.0043376,8.208998549,21.0625
2016,48,Arusha,2,41.93733333,35.6833,126.830509,8.45482723,24.6875
2016,49,Arusha,1,39.98466667,38.8167,97.20893009,10.74112022,24.125
2016,49,Arusha,2,30.96766667,49.7167,112.0168348,NA,23.75
2016,50,Arusha,1,38.415,65.4667,99.86984251,9.786154404,20.6875
2016,50,Arusha,2,36.575,47.2667,105.112782,10.64344461,20.875
2016,51,Arusha,1,39.659,48.5000,80.44664095,8.776581354,NA
2016,51,Arusha,2,39.64,47.1167,86.73057518,9.572462446,24.1875
2016,52,Arusha,1,37.037,43.6000,101.8432018,NA,NA
2016,52,Arusha,2,37.35033333,54.9667,103.3270564,9.535325618,20.1875
2016,53,Arusha,1,34.2,55.3667,115.6822612,8.812937864,21.125
2016,53,Arusha,2,40.193,49.0500,115.3360038,8.501132645,22.375
2016,54,Arusha,1,52.192,36.2000,103.8754343,8.827785818,22.625
2016,54,Arusha,2,43.463,59.3667,105.4544478,9.496255956,22.5625
2016,55,Arusha,1,46.68333333,50.7500,86.9046769,NA,25.375
2016,55,Arusha,2,39.82733333,67.2667,84.78934065,8.858183376,20.4375
2016,56,Arusha,1,43.91666667,40.7500,94.11764706,8.225493792,22.25
2016,56,Arusha,2,42.501,31.5167,116.9282291,8.945796968,NA
2016,57,Arusha,1,44.63733333,36.6167,87.9816596,8.447244767,20.5
2016,57,Arusha,2,50.809,30.2167,95.22787958,8.083025646,21.375
2016,58,Arusha,1,36.84666667,49.2000,97.73837525,11.36907785,21.875
2016,58,Arusha,2,33.31033333,51.1833,106.9527974,10.37214886,22.4375
2016,59,Arusha,1,37.521,61.3500,54.42019136,9.402766843,21.6875
2016,59,Arusha,2,39.15633333,41.6000,79.68144787,10.45507585,19.4375
2016,61,Arusha,1,36.92266667,39.4833,101.4570995,8.708128002,22.9375
2016,61,Arusha,2,38.377,42.6667,104.6972579,8.877153275,22.3125
2016,62,Arusha,1,41.88133333,40.2667,100.2801566,8.712661909,20.875
2016,62,Arusha,2,35.16466667,46.3000,111.0262195,8.126423374,24.25
2016,63,Arusha,1,35.36833333,45.8500,105.5171764,NA,21.25
2016,63,Arusha,2,36.76666667,54.7833,101.2692656,10.51537298,24.1875
2016,64,Arusha,1,26.78433333,141.8333333,134.3409705,NA,26.9375
2016,64,Arusha,2,NA,NA,NA,NA,NA
2016,65,Arusha,1,41.62333333,42.4000,115.4320493,8.268096515,25
2016,65,Arusha,2,44.41833333,34.4333,123.8565157,8.32191607,21.25
2016,66,Arusha,1,49.72366667,33.9333,100.1843522,NA,24.5625
2016,66,Arusha,2,41.968,35.8833,107.4119964,7.762839334,NA
2016,67,Arusha,1,38.50366667,47.6500,104.1190882,10.23155295,20.625
2016,67,Arusha,2,35.16466667,38.8167,107.6421408,9.58352584,22
2016,68,Arusha,1,41.97533333,72.3667,69.63931198,9.046219912,21
2016,68,Arusha,2,42.596,46.8167,95.59739569,9.36181868,24.25
2016,69,Arusha,1,43.27466667,39.1333,88.64000493,NA,22.875
2016,69,Arusha,2,50.12933333,39.7833,83.41888981,8.325595791,24.1875
2016,70,Arusha,1,38.57833333,NA,107.620858,9.919588292,23.3125
2016,70,Arusha,2,NA,NA,NA,NA,NA
2016,71,Arusha,1,38.872,44.5667,99.29512245,10.30774715,19.625
2016,71,Arusha,2,33.67466667,44.1500,104.1297118,10.76224702,24
2016,72,Arusha,1,41.08666667,36.2500,103.7157229,NA,24.0625
2016,72,Arusha,2,42.13833333,39.4833,101.0679112,NA,23.1875
2016,73,Arusha,1,41.736,52.4667,94.6441122,9.5763664,21.375
2016,73,Arusha,2,34.73066667,48.7333,102.3667844,10.21023284,22.3125
2016,74,Arusha,1,34.847,66.71666667,58.17717451,9.919588292,22.875
2016,74,Arusha,2,37.02166667,41.9,59.49218926,9.376790375,21.1875
2016,75,Arusha,1,35.34633333,43.9000,94.84340667,NA,19.375
2016,75,Arusha,2,39.33333333,58.9500,72.04237288,10.47942017,20.75
2016,76,Arusha,1,39.26766667,36.7667,98.04249467,9.923976608,20.5625
2016,76,Arusha,2,43.98133333,55.1500,75.04395804,10.39275695,22.9375
2016,77,Arusha,1,41.60866667,35.1500,108.6904972,NA,23.9375
2016,77,Arusha,2,49.28033333,35.1667,97.82063162,8.671103045,24.6875
2016,78,Arusha,1,44.358,37.4500,104.4651848,9.358607535,22.6875
2016,78,Arusha,2,37.64066667,40.0333,96.71985973,8.828503777,24.9375
2016,79,Arusha,1,41.70733333,79.0000,109.3468774,NA,21.8125
2016,79,Arusha,2,46.42433333,59.7000,103.7868072,9.812424892,21.9375
2016,80,Arusha,1,39.18833333,44.56666667,113.0651129,8.12601904,21.75
2016,80,Arusha,2,NA,NA,NA,NA,NA
2016,81,Arusha,1,39.786,33.8000,101.3019655,9.685641461,21.3125
2016,81,Arusha,2,37.62833333,36.5833,104.8456394,9.269127031,21.9375
2016,82,Arusha,1,36.86066667,45.1000,100.3535838,NA,22.4375
2016,82,Arusha,2,39.54133333,34.5500,97.54855678,8.445887195,22.8125
2016,83,Arusha,1,48.858,69.5833,42.23532141,9.436855979,25.9375
2016,83,Arusha,2,47.42333333,54.6500,47.78941449,8.675053746,26.3125
2016,84,Arusha,1,46.753,39.1667,85.59949807,NA,23.1875
2016,84,Arusha,2,38.26333333,59.4833,75.91253594,10.26546173,24.625
2016,85,Arusha,1,41.49666667,62.1000,75.67113824,NA,23.3125
2016,85,Arusha,2,41.32733333,59.9667,98.39170202,NA,25.25
2016,86,Arusha,1,43.32233333,54.7333,91.92564266,NA,23.8125
2016,86,Arusha,2,40.839,45.8000,106.6733596,9.822534049,25
2016,87,Arusha,1,39.28666667,55.1333,104.4204989,NA,22.125
2016,87,Arusha,2,33.51433333,42.7833,104.7979471,11.95350451,22.25
2016,88,Arusha,1,39.07333333,41.0333,109.1110732,NA,21.4375
2016,88,Arusha,2,40.1,37.0167,111.1471322,10.61979551,24.1875
2016,89,Arusha,1,46.15433333,27.6333,104.4806194,9.545655538,24.25
2016,89,Arusha,2,42.56933333,28.9500,119.3128073,NA,23.1875
2016,90,Arusha,1,34.377,50.6500,106.3589028,10.30986315,22.5625
2016,90,Arusha,2,37.10233333,48.1667,103.9314688,9.542834687,23.6875
2016,91,Arusha,1,40.03066667,37.86666667,104.8512807,8.896409315,24.9375
2016,91,Arusha,2,NA,NA,NA,NA,NA
2016,92,Arusha,1,32.92633333,34.1167,101.3282175,9.145584101,20.5625
2016,92,Arusha,2,34.135,62.6000,100.0878863,9.366104284,20.6875
2016,93,Arusha,1,50.62833333,31.9000,88.9389999,9.334513934,19.75
2016,93,Arusha,2,43.84166667,46.6833,85.75175822,NA,21.25
2016,94,Arusha,1,46.27933333,34.5000,104.3323874,NA,23
2016,94,Arusha,2,43.173,34.1667,111.1813711,8.818177091,22.8125
2016,95,Arusha,1,32.56466667,73.53333333,70.38917436,9.065661575,24.1875
2016,95,Arusha,2,NA,NA,NA,NA,NA
2016,96,Arusha,1,38.78066667,37.6333,98.72445033,NA,19.625
2016,96,Arusha,2,40.13966667,32.1833,119.4172016,9.267254125,21.875
2016,97,Arusha,1,37.51933333,39.1333,133.0798344,9.200211864,25.9375
2016,97,Arusha,2,34.05366667,47.8833,109.7375711,10.24511325,22.3125
2016,98,Arusha,1,38.55466667,60.7000,108.7944391,8.830950378,25.3125
2016,98,Arusha,2,32.706,48.2333,92.56405552,NA,21.6875
2016,99,Arusha,1,41.00033333,82.1500,48.0231868,8.59900717,22.3125
2016,99,Arusha,2,37.688,85.0000,36.84285007,9.107198023,21.75
2016,100,Arusha,1,35.62,48.1167,97.22066255,NA,22.1875
2016,100,Arusha,2,36.55733333,39.7667,89.32817857,9.321933262,27.3125
2016,101,Arusha,1,44.43466667,37.0833,76.6263578,NA,22.0625
2016,101,Arusha,2,43.484,30.6000,100.6255174,NA,24.375
2016,102,Arusha,1,44.18433333,46.2167,99.6031776,8.97854954,20.3125
2016,102,Arusha,2,39.18533333,58.8167,107.8753956,8.751303139,NA
2016,103,Arusha,1,43.48933333,47.9167,77.57611062,9.278238116,22.875
2016,103,Arusha,2,36.36533333,39.1333,111.5659603,10.65269734,23.1875
2016,104,Arusha,1,38.257,48.2667,97.14039261,NA,21.5
2016,104,Arusha,2,37.62666667,44.2167,108.0439405,9.884515088,22.0625
2016,105,Arusha,1,46.51866667,34.5667,92.23824128,9.101835664,24.3125
2016,105,Arusha,2,51.81966667,29.0167,98.00719161,8.097836679,22.375
2016,106,Arusha,1,46.41933333,48.2000,93.25999224,9.358259539,19.9375
2016,106,Arusha,2,52.77,41.0333,71.37262333,9.214258699,23.25
2016,107,Arusha,1,45.30333333,36.8167,101.2912957,9.713060686,22
2016,107,Arusha,2,47.93266667,37.8833,87.34613833,8.687150838,22.125
2016,108,Arusha,1,39.39733333,42.7333,102.560241,9.610181997,22.6875
2016,108,Arusha,2,37.31233333,43.7333,106.4911513,9.968737097,22.375
2016,109,Arusha,1,37.265,46.2500,94.15000671,10.49650117,21.5
2016,109,Arusha,2,35.94933333,55.5333,115.6553668,10.04127435,20.5625
2016,110,Arusha,1,43.66333333,36.4333,110.5885945,NA,25.1875
2016,110,Arusha,2,44.70366667,30.3833,104.711023,8.669609079,23.5
2016,111,Arusha,1,46.48666667,44.8667,93.65409436,NA,19.125
2016,111,Arusha,2,43.16666667,64.6667,96.16216216,9.400726392,21.125
2016,112,Arusha,1,44.637,44.9500,96.26468326,NA,23.375
2016,112,Arusha,2,41.35366667,47.5500,116.1920346,9.208797486,24.625
2016,113,Arusha,1,41.309,40.3667,107.3075278,8.437830909,24.25
2016,113,Arusha,2,40.947,49.4500,110.1090027,8.99436369,24.5
2016,114,Arusha,1,41.23166667,31.8833,104.6485307,8.927460847,NA
2016,114,Arusha,2,38.55366667,41.6833,108.0822403,NA,26.0625
2016,115,Arusha,1,36.21333333,50.2667,99.76067747,10.3128265,20.8125
2016,115,Arusha,2,36.993,39.4333,104.4801269,11.07741091,22.4375
2016,116,Arusha,1,34.454,45.2667,102.0665235,9.887359199,22.75
2016,116,Arusha,2,41.66066667,39.5833,95.0360852,9.651474531,19.625
2016,117,Arusha,1,43.024,47.2833,78.05565886,8.21972279,21.125
2016,117,Arusha,2,46.98733333,32.0833,97.13114173,9.408299866,NA
2016,118,Arusha,1,45.91066667,28.7167,73.3221038,8.994475138,26.6875
2016,118,Arusha,2,39.80566667,37.4167,104.0161786,9.073993674,NA
2016,119,Arusha,1,35.50833333,30.5667,103.7080498,11.74934726,23.0625
2016,119,Arusha,2,34.75566667,35.0833,105.9616178,10.63846961,24.625
2016,120,Arusha,1,41.367,31.4000,100.401286,9.553732472,22.6875
2016,120,Arusha,2,35.782,39.7000,117.4091256,8.672806373,24.625
2016,121,Arusha,1,41.75966667,34.1333,98.02999705,10.57082452,23
2016,121,Arusha,2,43.75533333,57.7000,69.48029193,9.609302778,23.5
2016,122,Arusha,1,38.801,39.9333,98.20107729,NA,22.4375
2016,122,Arusha,2,42.077,35.7333,100.1806212,8.639512912,24.25
2016,123,Arusha,1,52.03933333,30.3333,70.14053472,8.657810353,20.1875
2016,123,Arusha,2,40.75166667,28.7333,105.5376058,9.684711481,21.875
2016,124,Arusha,1,42.45433333,36.5833,74.10079851,8.375861189,19.3125
2016,124,Arusha,2,40.31933333,40.6000,102.6240513,8.461757179,NA
2016,125,Arusha,1,44.232,34.7833,101.3248327,8.513549066,20.0625
2016,125,Arusha,2,38.32833333,40.5167,108.2010697,8.921258921,21.75
2016,126,Arusha,1,43.22166667,42.4500,106.3239887,8.374310833,20.125
2016,126,Arusha,2,43.54766667,42.5167,103.1260764,8.674369628,23.1875
2016,128,Arusha,1,33.978,40.1167,113.0299998,9.701588942,26.25
2016,128,Arusha,2,36.63133333,32.4000,102.9592152,9.611347518,26.6875
2016,129,Arusha,1,37.07966667,47.7167,106.2379202,NA,21.6875
2016,129,Arusha,2,37.824,51.2500,103.8123942,8.84427219,21.625
2016,130,Arusha,1,47.80666667,29.6000,85.90852043,8.462111339,22.25
2016,130,Arusha,2,47.337,32.7000,111.9131617,8.380359686,25.75
2016,131,Arusha,1,47.69166667,39.9667,77.81583086,9.194017866,22.5
2016,131,Arusha,2,44.53333333,31.8333,106.8038922,8.743319927,23.875
2016,132,Arusha,1,42.64833333,43.8667,94.09121107,8.300373544,21.625
2016,132,Arusha,2,41.304,42.3333,112.9737233,9.051419884,20.5625
2016,133,Arusha,1,47.91666667,31.3167,94.26086957,8.985474609,21.3125
2016,133,Arusha,2,48.78766667,32.1833,100.5561515,8.18643835,22.1875
2016,134,Arusha,1,43.029,37.7000,72.57353568,8.422095616,22.875
2016,134,Arusha,2,43.36466667,40.9000,99.74787461,9.04150709,23.3125
2016,135,Arusha,1,43.09133333,39.1333,104.9909495,9.874582398,22.875
2016,135,Arusha,2,35.48333333,51.7167,113.7247534,8.876650678,23.125
2016,136,Arusha,1,33.53333333,38.1500,102.0775348,8.692332167,20.5
2016,136,Arusha,2,36.56433333,52.8000,104.1242376,8.592274119,21
2016,137,Arusha,1,32.44166667,50.3833,101.3645004,NA,20.9375
2016,137,Arusha,2,34.03,50.6167,107.8851993,9.989640373,24.375
2016,138,Arusha,1,46.60766667,31.1000,102.0697596,NA,23.4375
2016,138,Arusha,2,39.187,30.2333,98.55224096,9.352604637,22.1875
2016,139,Arusha,1,48.783,39.13333333,98.96275342,NA,21.375
2016,139,Arusha,2,NA,NA,NA,NA,NA
2016,140,Arusha,1,40.84633333,34.7500,109.2444038,NA,19.5625
2016,140,Arusha,2,38.18766667,39.1667,111.1065527,8.89727517,23.25
2016,143,Arusha,1,36.69666667,43.2333,92.68053411,NA,21.5
2016,143,Arusha,2,37.63833333,43.1167,115.3301156,8.80699181,20.6875
2016,144,Arusha,1,43.44833333,83.2167,58.54079558,8.471579385,22.5625
2016,144,Arusha,2,37.92633333,69.2667,93.96373672,8.482563619,24.0625
2016,157,Arusha,1,45.03066667,38.6667,96.24478133,8.46260251,24.9375
2016,157,Arusha,2,37.67033333,51.2667,89.19397227,8.067660853,20.75
2016,158,Arusha,1,45.868,33.8000,104.6888172,9.380434243,21.75
2016,158,Arusha,2,48.949,27.3500,103.313653,8.858256596,23.3125
2016,159,Arusha,1,49.93833333,51.0000,63.39485365,8.196902655,20.0625
2016,159,Arusha,2,39.33333333,60.2500,106.440678,8.706624606,23.75
2016,160,Arusha,1,40.83033333,45.3167,102.0311696,8.399236433,17.375
2016,160,Arusha,2,45.38733333,44.7167,105.2114393,8.397286726,23.6875
2016,161,Arusha,1,46.88166667,36.4833,115.1445128,7.968435047,23.625
2016,161,Arusha,2,51.31133333,35.5500,118.3598165,9.008523562,22.8125
2016,162,Arusha,1,54.08733333,23.4167,102.0929115,8.629441624,22.3125
2016,162,Arusha,2,45.35733333,28.8500,119.2809689,8.451269698,23.875
2016,163,Arusha,1,38.70733333,83.0500,50.35566043,NA,20.5625
2016,163,Arusha,2,38.012,94.4500,73.45399698,NA,22.0625
2016,TZ-27,Arusha,1,38.25333333,64.8833,91.59114674,10.1329453,20.625
2016,TZ-27,Arusha,2,35.32133333,68.9000,104.1825526,10.15463918,21.0625
2016,TZ-37,Arusha,1,51.03,36.0000,87.11868835,8.223166134,22.8125
2016,TZ-37,Arusha,2,48.962,35.2667,99.04551829,7.480395152,22.4375
2016,2,Morogoro,1,43.48433333,54.5500,106.7411252,8.857382799,24.5
2016,2,Morogoro,2,35.06533333,71.1667,121.0255143,9.560656865,25.6875
2016,3,Morogoro,1,36.18066667,86.1333,102.0968842,9.796320226,22
2016,3,Morogoro,2,38.89466667,57.6167,93.29985259,10.81586826,23.75
2016,4,Morogoro,1,NA,NA,NA,NA,NA
2016,4,Morogoro,2,35.476,56.35,89.89363701,11.27864897,22.5625
2016,5,Morogoro,1,34.48033333,56.9333,119.758123,9.459298871,25
2016,5,Morogoro,2,39.72633333,84.3500,115.8685674,9.863538425,28.6875
2016,6,Morogoro,1,NA,NA,NA,NA,NA
2016,6,Morogoro,2,46.10843333,61.35,81.07316594,9.988044778,25.625
2016,7,Morogoro,1,NA,NA,NA,NA,NA
2016,7,Morogoro,2,38.5,85.2,112.5021645,9.707042254,26.1875
2016,8,Morogoro,1,40.57233333,59.51666667,107.1608732,NA,22.1875
2016,8,Morogoro,2,NA,NA,NA,NA,NA
2016,9,Morogoro,1,39.64033333,49.1500,111.1653955,9.361277445,25.75
2016,9,Morogoro,2,37.972,69.5500,111.1204747,8.530435827,22.5625
2016,10,Morogoro,1,43.28133333,59.0833,107.3488186,NA,26.5625
2016,10,Morogoro,2,36.23366667,73.6500,100.2925456,9.665351653,24.6875
2016,11,Morogoro,1,41.43866667,63.8833,93.92515847,9.648657255,25.0625
2016,11,Morogoro,2,41.58833333,71.2167,102.8533643,10.00563874,26.5625
2016,12,Morogoro,1,52.88233333,47.6000,74.2926119,NA,23.6875
2016,12,Morogoro,2,42.90333333,41.5167,109.3699013,8.356164384,25.125
2016,13,Morogoro,1,NA,NA,NA,NA,NA
2016,13,Morogoro,2,NA,NA,NA,NA,NA
2016,14,Morogoro,1,NA,NA,NA,NA,NA
2016,14,Morogoro,2,34.43033333,NA,104.4708639,9.852774632,21
2016,15,Morogoro,1,36.15066667,80.6167,116.6119574,8.732657106,25.875
2016,15,Morogoro,2,45.06233333,66.0667,112.1579738,NA,27.0625
2016,16,Morogoro,1,45.68933333,47.7167,107.4517758,9.53767242,24.625
2016,16,Morogoro,2,50.69466667,37.7500,113.0270114,8.454824477,25.9375
2016,17,Morogoro,1,NA,NA,NA,NA,NA
2016,17,Morogoro,2,44.98366667,56.93333333,110.4171144,9.252086629,26
2016,18,Morogoro,1,NA,NA,NA,NA,NA
2016,18,Morogoro,2,48.06733333,42.51666667,110.8223187,7.483608411,25.125
2016,19,Morogoro,1,NA,NA,NA,NA,NA
2016,19,Morogoro,2,41.34766667,41.18333333,98.65691736,10.49731094,24.6875
2016,20,Morogoro,1,NA,NA,NA,NA,NA
2016,20,Morogoro,2,43.65533333,54.8,104.022418,NA,28.625
2016,21,Morogoro,1,37.64666667,114.0333,101.8505401,10.31032385,23.25
2016,21,Morogoro,2,36.996,98.0833,91.23689047,11.2497588,23.375
2016,22,Morogoro,1,36.793,76.9500,86.99209089,10.05238707,23.75
2016,22,Morogoro,2,42.78,61.1833,90.78229702,9.612877998,25.8125
2016,23,Morogoro,1,NA,NA,NA,NA,NA
2016,23,Morogoro,2,NA,NA,NA,NA,NA
2016,24,Morogoro,1,NA,NA,NA,NA,NA
2016,24,Morogoro,2,NA,NA,NA,NA,NA
2016,25,Morogoro,1,42.54633333,33.8,98.65691736,9.949910333,27.6875
2016,25,Morogoro,2,NA,NA,NA,NA,NA
2016,26,Morogoro,1,46.81466667,32.18333333,109.4144285,NA,24.4375
2016,26,Morogoro,2,NA,NA,NA,NA,NA
2016,27,Morogoro,1,45.89366667,50.4333,103.6010779,NA,23.4375
2016,27,Morogoro,2,43.33266667,49.8500,115.2033108,NA,26.875
2016,28,Morogoro,1,31.74333333,107.2167,102.9717526,NA,22.9375
2016,28,Morogoro,2,34.08666667,129.8500,94.17171915,11.11495845,23.9375
2016,29,Morogoro,1,34.63566667,148.4666667,105.2604733,11.41392825,21.1875
2016,29,Morogoro,2,NA,NA,NA,NA,NA
2016,30,Morogoro,1,NA,NA,NA,NA,NA
2016,30,Morogoro,2,37.73366667,55.16666667,104.547663,NA,24.125
2016,31,Morogoro,1,49.56,54.4667,94.19558784,NA,22.1875
2016,31,Morogoro,2,42.286,59.9667,80.82422867,8.589828102,22.0625
2016,32,Morogoro,1,33.01666667,119.9167,89.30843009,10.92776446,20.125
2016,32,Morogoro,2,32.61,109.2333,113.9323316,NA,22.0625
2016,33,Morogoro,1,48.61766667,43.8000,103.2663024,10.76933298,25.5625
2016,33,Morogoro,2,40.36866667,54.3833,104.7132264,9.454089103,25.625
2016,34,Morogoro,1,44.89366667,32.0167,108.5372101,9.028688758,24.75
2016,34,Morogoro,2,35.62,41.4667,115.7963691,9.22373914,25.8125
2016,35,Morogoro,1,45.25866667,44.3000,103.6736979,8.966285874,21.9375
2016,35,Morogoro,2,43.35733333,41.8167,91.68614306,10.03172519,23
2016,36,Morogoro,1,36.45566667,60.1000,101.7884737,10.58495822,20.3125
2016,36,Morogoro,2,35.39566667,58.1167,106.3246913,10.35410765,22.4375
2016,37,Morogoro,1,48.29,51.3000,100.4417754,9.999354464,27.8125
2016,37,Morogoro,2,46.79633333,38.4833,104.8451089,8.928915431,26.125
2016,38,Morogoro,1,NA,NA,NA,NA,NA
2016,38,Morogoro,2,40.053,66.38333333,86.31147063,10.84067166,21.9375
2016,39,Morogoro,1,40.772,78.0000,107.5607443,11.84908285,25.6875
2016,39,Morogoro,2,38.089,73.8000,108.0828236,11.04277482,24.3125
2016,40,Morogoro,1,NA,NA,NA,NA,NA
2016,40,Morogoro,2,49.10533333,42.71666667,109.3255315,8.589182969,22.75
2016,41,Morogoro,1,37.95333333,103.9500,101.3349728,9.69075983,24.5625
2016,41,Morogoro,2,30.48366667,124.5167,108.3520136,10.54398925,23.625
2016,42,Morogoro,1,39.68,61.6500,102.6629704,8.313375092,22.5
2016,42,Morogoro,2,40.50533333,46.4667,113.4945192,NA,26.1875
2016,43,Morogoro,1,36.06333333,109.7833,100.6470099,9.608282775,24.25
2016,43,Morogoro,2,34.46333333,95.4833,107.8344134,10.24517816,22.4375
2016,44,Morogoro,1,32.72333333,65.0167,107.7111134,9.824802473,23.4375
2016,44,Morogoro,2,30.35333333,54.8500,105.5677575,10.81630677,22.375
2016,45,Morogoro,1,35.04066667,71.1667,108.5862141,10.21074503,24.875
2016,45,Morogoro,2,38.014,102.5667,104.8455832,9.96479316,22
2016,46,Morogoro,1,38.67666667,72.6833,106.1449625,8.791994282,27.4375
2016,46,Morogoro,2,45.14366667,37.5000,108.6819118,NA,24.6875
2016,47,Morogoro,1,37.68066667,115.9833333,100.7130093,9.645436638,24
2016,47,Morogoro,2,NA,NA,NA,NA,NA
2016,48,Morogoro,1,43.50966667,69.4833,110.949291,8.335958005,25.625
2016,48,Morogoro,2,44.45366667,62.8000,106.8445797,8.192731992,21.0625
2016,49,Morogoro,1,NA,NA,NA,NA,NA
2016,49,Morogoro,2,40.295,45.23333333,109.1161021,8.808396789,22.9375
2016,50,Morogoro,1,NA,NA,NA,NA,NA
2016,50,Morogoro,2,NA,NA,NA,NA,NA
2016,51,Morogoro,1,36.12333333,75.8167,101.8547569,9.671499358,24.4375
2016,51,Morogoro,2,49.85333333,65.5667,75.84247125,8.924646456,23.75
2016,52,Morogoro,1,35.73966667,60.8333,131.5447822,10.14955812,21.1875
2016,52,Morogoro,2,49.82666667,40.0500,109.526358,NA,21.6875
2016,53,Morogoro,1,43.47233333,80.8000,107.2045822,NA,23.9375
2016,53,Morogoro,2,32.755,70.0500,117.5545718,NA,25.1875
2016,54,Morogoro,1,NA,NA,NA,NA,NA
2016,54,Morogoro,2,40.657,68.05,81.57594838,9.837747707,24.9375
2016,55,Morogoro,1,NA,NA,NA,NA,NA
2016,55,Morogoro,2,46.14,58.65,75.43707557,8.846738924,27
2016,56,Morogoro,1,45.02933333,37.1167,107.3611276,8.12572759,22.1875
2016,56,Morogoro,2,47.58766667,35.0500,112.62512,NA,26.625
2016,57,Morogoro,1,48.076,35.4167,108.5933383,8.042749751,27.5625
2016,57,Morogoro,2,46.75666667,47.9000,85.37819919,7.668308086,25.5625
2016,58,Morogoro,1,NA,NA,NA,NA,NA
2016,58,Morogoro,2,33.93833333,NA,102.6616903,9.989008858,20.125
2016,59,Morogoro,1,NA,NA,NA,NA,NA
2016,59,Morogoro,2,45.05,97.05,39.61524232,8.965347751,22.625
2016,61,Morogoro,1,36.16666667,78.9833,105.7142857,8.867437423,22.4375
2016,61,Morogoro,2,33.327,62.1833,109.2397556,8.796691394,24.5
2016,62,Morogoro,1,44.62466667,45.7667,100.1957064,8.435843584,21.25
2016,62,Morogoro,2,40.33366667,58.0833,102.4363435,9.060364465,22.3125
2016,63,Morogoro,1,38.35733333,70.2000,102.4384733,9.238089353,26.9375
2016,63,Morogoro,2,35.84333333,74.6000,105.1799498,9.426881242,23.8125
2016,64,Morogoro,1,NA,NA,NA,NA,NA
2016,64,Morogoro,2,44.38233333,58.96666667,114.4697214,8.611825193,22.9375
2016,65,Morogoro,1,44.32766667,56.3500,107.7333193,NA,24.9375
2016,65,Morogoro,2,43.51166667,48.5667,110.6025204,NA,22.375
2016,66,Morogoro,1,53.295,42.85,104.0841855,7.431631623,24.1875
2016,66,Morogoro,2,NA,NA,NA,NA,NA
2016,67,Morogoro,1,34.232,84.4833,102.617434,10.44274372,22.875
2016,67,Morogoro,2,35.71733333,110.8167,106.1464088,10.67641158,22.4375
2016,68,Morogoro,1,44.07766667,96.1500,82.73048331,8.670218322,22.25
2016,68,Morogoro,2,36.44666667,66.1500,96.74410097,8.665732903,20.375
2016,69,Morogoro,1,NA,NA,NA,NA,NA
2016,69,Morogoro,2,43.04666667,43.15,92.9921016,8.318812883,25.8125
2016,70,Morogoro,1,41.00033333,62.2833,106.8519768,NA,24.5625
2016,70,Morogoro,2,46.77666667,42.8333,108.2662296,12.22877043,23.25
2016,71,Morogoro,1,39.92233333,80.83333333,102.7269615,9.558405458,23.75
2016,71,Morogoro,2,NA,NA,NA,NA,NA
2016,72,Morogoro,1,NA,NA,NA,NA,NA
2016,72,Morogoro,2,47.5,51.78333333,100.5122807,NA,23.5
2016,73,Morogoro,1,43.59033333,45.7667,72.58413563,10.04829,24.5625
2016,73,Morogoro,2,30.776,58.3167,97.79481847,9.780338039,25.5
2016,74,Morogoro,1,29.44033333,69.2000,105.851383,9.066454729,22.4375
2016,74,Morogoro,2,35.686,58.0000,101.4702311,8.700852923,23.6875
2016,75,Morogoro,1,NA,NA,NA,NA,NA
2016,75,Morogoro,2,NA,NA,NA,NA,NA
2016,76,Morogoro,1,38.257,57.7500,104.1107945,10.40192195,21.9375
2016,76,Morogoro,2,41.27333333,71.2667,98.24745598,9.971066103,NA
2016,77,Morogoro,1,40.08166667,66.9500,106.4202254,9.340893848,24.3125
2016,77,Morogoro,2,42.527,33.3667,97.56076532,9.034238489,24.4375
2016,78,Morogoro,1,36.36566667,81.5333,90.32604013,NA,25.25
2016,78,Morogoro,2,31.22733333,71.1500,107.5425375,12.00671704,26.5625
2016,79,Morogoro,1,NA,NA,NA,NA,NA
2016,79,Morogoro,2,48.68666667,56.85,100.5122807,NA,26
2016,80,Morogoro,1,47.80366667,50.9667,106.413734,9.79034713,26.1875
2016,80,Morogoro,2,44.60966667,52.5000,109.745272,10.31518625,23.625
2016,81,Morogoro,1,30.998,60.2500,136.9292643,9.223847019,28.125
2016,81,Morogoro,2,42.19033333,49.2833,102.929581,8.878975392,24.1875
2016,82,Morogoro,1,38.18433333,62.8833,91.99846359,NA,23.0625
2016,82,Morogoro,2,38.585,54.2167,88.19057492,9.391168331,23.3125
2016,83,Morogoro,1,NA,NA,NA,NA,NA
2016,83,Morogoro,2,51.58666667,71.0000,68.7128457,8.502007533,23.8125
2016,84,Morogoro,1,48.91,38.0333,79.00906427,NA,22.125
2016,84,Morogoro,2,48.17866667,44.9667,103.0082471,8.510990832,25.4375
2016,85,Morogoro,1,36.588,51.9833,79.07510659,8.542795233,23.6875
2016,85,Morogoro,2,39.34866667,54.3167,88.04533826,9.234359373,24
2016,86,Morogoro,1,43.01066667,39.6167,97.15264431,9.141541263,24.6875
2016,86,Morogoro,2,44.525,47.9833,100.486618,NA,26.0625
2016,87,Morogoro,1,33.03833333,124.7333333,103.6523231,9.775437706,21.625
2016,87,Morogoro,2,NA,NA,NA,NA,NA
2016,88,Morogoro,1,42.333,57.78333333,107.3717116,8.728739977,27.875
2016,88,Morogoro,2,NA,NA,NA,NA,NA
2016,89,Morogoro,1,43.74133333,43.1000,108.8413705,NA,25.625
2016,89,Morogoro,2,42.30566667,33.5167,113.0762624,9.448643842,26.75
2016,90,Morogoro,1,38.086,103.2333,103.1280085,9.843729986,22.375
2016,90,Morogoro,2,36.15666667,100.8333,87.19461602,10.5111139,21.5625
2016,91,Morogoro,1,NA,NA,NA,NA,NA
2016,91,Morogoro,2,39.308,81.1000,105.6154812,9.71675592,23.375
2016,92,Morogoro,1,29.29933333,53.2167,112.7807231,9.193884642,27.4375
2016,92,Morogoro,2,44.771,41.6500,103.7628524,NA,26.625
2016,93,Morogoro,1,NA,NA,NA,NA,NA
2016,93,Morogoro,2,57.314,33.81666667,73.44802317,8.466946538,23.6875
2016,94,Morogoro,1,NA,NA,NA,NA,NA
2016,94,Morogoro,2,40.16833333,45.68333333,107.8005062,NA,24.4375
2016,95,Morogoro,1,49.25093333,37.3667,92.02343374,9.959573686,23.75
2016,95,Morogoro,2,45.43666667,63.2167,82.67185093,9.093025421,25.5625
2016,96,Morogoro,1,26.155,72.9833,159.0072007,NA,25.0625
2016,96,Morogoro,2,41.10833333,75.2833,105.06791,8.61338441,22.0625
2016,97,Morogoro,1,34.03766667,70.1333,111.4813981,NA,28.8125
2016,97,Morogoro,2,42.99566667,52.9833,101.8963151,9.521556257,23.375
2016,98,Morogoro,1,38.087,98.2500,106.2733566,NA,25.9375
2016,98,Morogoro,2,39.60333333,75.6500,87.0633785,9.328443731,25.4375
2016,99,Morogoro,1,41.17733333,83.4833,68.53932584,NA,23.3125
2016,99,Morogoro,2,36.76333333,63.4667,85.66506483,9.146373813,25.125
2016,100,Morogoro,1,27.086,49.18333333,111.9914347,NA,26.25
2016,100,Morogoro,2,NA,NA,NA,NA,NA
2016,101,Morogoro,1,37.996,49.73333333,113.4786118,NA,27.8125
2016,101,Morogoro,2,NA,NA,NA,NA,NA
2016,102,Morogoro,1,NA,NA,NA,NA,NA
2016,102,Morogoro,2,NA,NA,NA,NA,NA
2016,103,Morogoro,1,45.282,58.5833,95.76579362,8.722785285,27.5
2016,103,Morogoro,2,46.577,52.5333,66.36966743,9.154031458,23.4375
2016,104,Morogoro,1,37.13533333,100.7667,105.1864352,9.713401292,25.5625
2016,104,Morogoro,2,39.69666667,66.3667,98.47174406,10.2565735,25.625
2016,105,Morogoro,1,50.37233333,39.5333,105.0067167,8.195389459,25.25
2016,105,Morogoro,2,45.129,34.3667,111.0616233,8.410904255,24
2016,106,Morogoro,1,44.309,63.5333,101.9905663,10.56063341,23.25
2016,106,Morogoro,2,45.93466667,91.9000,86.34437317,9.991230268,22.8125
2016,107,Morogoro,1,41.46366667,78.1500,109.484609,8.962988654,26.5
2016,107,Morogoro,2,44.899,67.6167,105.4314498,9.092878419,22.9375
2016,108,Morogoro,1,43.093,60.06666667,105.346576,9.397435897,26.4375
2016,108,Morogoro,2,NA,NA,NA,NA,NA
2016,109,Morogoro,1,38.29,65.08333333,93.69722295,9.782479496,21.375
2016,109,Morogoro,2,NA,NA,NA,NA,NA
2016,110,Morogoro,1,38.75433333,68.3333,115.8038241,10.22514071,27.875
2016,110,Morogoro,2,35.14466667,43.3500,116.5240814,9.739740356,25.8125
2016,111,Morogoro,1,41.17533333,61.2667,91.89482376,8.236094905,23.75
2016,111,Morogoro,2,43.05333333,48.1500,91.9247445,8.543039205,23.25
2016,112,Morogoro,1,48.20466667,47.5167,92.93429405,8.844757447,26.8125
2016,112,Morogoro,2,44.54266667,47.8667,104.7774419,NA,28
2016,113,Morogoro,1,42.64666667,39.6667,105.7839612,9.475289811,24.625
2016,113,Morogoro,2,30.457,48.2667,120.1683247,10.01576695,27.6875
2016,114,Morogoro,1,40.34,38.2833,95.09998347,8.409293019,22.25
2016,114,Morogoro,2,39.36,48.6167,95.57079946,9.00836491,22.375
2016,115,Morogoro,1,38.91133333,58.7167,105.2958007,9.447977342,25.625
2016,115,Morogoro,2,36.39,69.8667,96.81231107,10.02872987,25.375
2016,116,Morogoro,1,32.01666667,106.7167,109.2347736,9.485614647,27.25
2016,116,Morogoro,2,37.51666667,76.7167,103.1896935,9.756430375,22.9375
2016,117,Morogoro,1,44.57466667,48.5667,102.6636954,7.940178847,25.0625
2016,117,Morogoro,2,44.10666667,38.9167,80.76632406,8.428136517,25.625
2016,118,Morogoro,1,46.03066667,54.7667,100.6633259,8.207185847,24.3125
2016,118,Morogoro,2,46.327,37.2667,101.5887064,8.176899553,23.5
2016,119,Morogoro,1,40.63666667,45.3500,104.1588057,8.969054141,22.8125
2016,119,Morogoro,2,34.678,50.0000,130.866832,NA,24.6875
2016,120,Morogoro,1,39.64733333,69.1000,86.45222041,8.903399668,23.625
2016,120,Morogoro,2,39.74666667,51.7000,107.7574639,9.00882092,24.375
2016,121,Morogoro,1,42.77733333,72.88333333,59.33672038,NA,25.6875
2016,121,Morogoro,2,NA,NA,NA,NA,NA
2016,122,Morogoro,1,39.55333333,28.4000,108.4695769,8.547226616,22.125
2016,122,Morogoro,2,36.49566667,37.8000,84.48765607,8.341041406,24.375
2016,123,Morogoro,1,NA,NA,NA,NA,NA
2016,123,Morogoro,2,NA,NA,NA,NA,NA
2016,124,Morogoro,1,32.58966667,51.95,101.9351737,9.097637698,25.625
2016,124,Morogoro,2,NA,NA,NA,NA,NA
2016,125,Morogoro,1,42.671,60.1167,95.51139337,9.189668551,24.3125
2016,125,Morogoro,2,41.295,41.3333,111.1555071,9.725937816,22.875
2016,126,Morogoro,1,36.497,89.9500,110.6291841,8.91070767,24.875
2016,126,Morogoro,2,38.43766667,69.6333,103.7671381,8.679917599,22.75
2016,128,Morogoro,1,30.81333333,41.7000,108.0268282,10.68727332,30.125
2016,128,Morogoro,2,25.39,60.9000,124.379677,NA,30.25
2016,129,Morogoro,1,39.06966667,56.6667,107.0148197,8.597071327,25.6875
2016,129,Morogoro,2,37.29566667,73.6500,100.9348718,9.123201705,23.625
2016,130,Morogoro,1,40.006,51.1667,114.1678748,8.469422785,27.0625
2016,130,Morogoro,2,46.21266667,42.2167,101.8782729,8.055946596,26.125
2016,131,Morogoro,1,48.94666667,29.9667,104.0928902,7.863878639,23.125
2016,131,Morogoro,2,43.54333333,39.8500,105.3892674,NA,25.125
2016,132,Morogoro,1,NA,NA,NA,NA,NA
2016,132,Morogoro,2,46.785,45.01666667,103.1277831,7.756696429,20.3125
2016,133,Morogoro,1,NA,NA,NA,NA,NA
2016,133,Morogoro,2,45.87066667,40.43333333,111.2134116,NA,23.5
2016,134,Morogoro,1,47.73,53.6167,95.42565822,8.428423237,25.9375
2016,134,Morogoro,2,43.87,35.5000,108.449206,8.362439889,23.8125
2016,135,Morogoro,1,43.53666667,34.4500,111.0405023,NA,27.6875
2016,135,Morogoro,2,40.86566667,56.0333,88.5119538,8.70291616,27.75
2016,136,Morogoro,1,NA,NA,NA,NA,NA
2016,136,Morogoro,2,31.63233333,188.0666667,104.0949661,NA,28.1875
2016,137,Morogoro,1,38.21333333,105.4667,112.9972087,NA,22.9375
2016,137,Morogoro,2,35.43066667,72.9667,104.7472999,9.716528054,22.8125
2016,138,Morogoro,1,NA,NA,NA,NA,NA
2016,138,Morogoro,2,37.838,46.78333333,123.7961837,9.050315835,23.375
2016,139,Morogoro,1,42.93366667,66.0667,98.70963735,9.003110165,21.5625
2016,139,Morogoro,2,51.893,47.7667,74.3138124,9.426057813,22.625
2016,140,Morogoro,1,46.93333333,45.6000,107.2088068,8.801557239,23.5625
2016,140,Morogoro,2,49.405,43.4333,81.82370205,NA,23.0625
2016,143,Morogoro,1,NA,NA,NA,NA,NA
2016,143,Morogoro,2,35.12133333,52.76666667,126.7947306,9.045814674,24.25
2016,144,Morogoro,1,NA,NA,NA,NA,NA
2016,144,Morogoro,2,44.65,63.76666667,87.5699888,NA,22.9375
2016,157,Morogoro,1,39.91333333,78.5500,83.89009521,8.330483217,24.375
2016,157,Morogoro,2,40.33533333,50.6333,108.5516421,8.603397298,27.5
2016,158,Morogoro,1,43.66266667,50.4667,84.59706233,NA,26.125
2016,158,Morogoro,2,41.54333333,54.8333,80.71892803,NA,25.75
2016,159,Morogoro,1,38.85733333,56.2167,104.079882,8.931247378,20.75
2016,159,Morogoro,2,37.56666667,69.5500,89.08606921,9.168495489,24.5
2016,160,Morogoro,1,NA,NA,NA,NA,NA
2016,160,Morogoro,2,48.96066667,40.61666667,79.42974633,NA,24.8125
2016,161,Morogoro,1,55.72333333,34.9000,92.76185919,8.173891984,22.6875
2016,161,Morogoro,2,50.50566667,41.3333,108.359458,NA,23.9375
2016,162,Morogoro,1,NA,NA,NA,NA,NA
2016,162,Morogoro,2,35.311,45.3,121.0264979,8.644411555,26.3125
2016,163,Morogoro,1,37.092,78.1167,64.34810741,8.628667578,21.6875
2016,163,Morogoro,2,48.56533333,48.8000,76.11327696,8.16182048,24.3125
2016,TZ-27,Morogoro,1,40.78566667,59.5500,100.3481615,10.36904762,23.25
2016,TZ-27,Morogoro,2,35.55166667,66.2333,109.8073227,10.44676297,21.75
2016,TZ-37,Morogoro,1,50.04166667,29.5667,99.69358868,8.498295027,23.1875
2016,TZ-37,Morogoro,2,52.93433333,37.1000,95.00891041,7.995926878,24.75
